sgb_id	species	relative_abundance	nb_reads_aligned	coverage	reflen	damage_model_pmax	damage_model_pmax_stdev	damage_model_p	damage_model_pmin	damage_model_pmin_stdev	null_model_p0	pvalue	qvalue	predicted_accuracy	RMSE	CtoT-0	CtoT-1	CtoT-2	CtoT-3	CtoT-4	CtoT-5	CtoT-6	CtoT-7	CtoT-8	CtoT-9	CtoT-10	CtoT-11	CtoT-12	CtoT-13	CtoT-14	CtoT-15	CtoT-16	CtoT-17	CtoT-18	CtoT-19	CtoT-20	CtoT-21	CtoT-22	CtoT-23	CtoT-24	CtoT-25	CtoT-26	CtoT-27	CtoT-28	CtoT-29	GtoA-0	GtoA-1	GtoA-2	GtoA-3	GtoA-4	GtoA-5	GtoA-6	GtoA-7	GtoA-8	GtoA-9	GtoA-10	GtoA-11	GtoA-12	GtoA-13	GtoA-14	GtoA-15	GtoA-16	GtoA-17	GtoA-18	GtoA-19	GtoA-20	GtoA-21	GtoA-22	GtoA-23	GtoA-24	GtoA-25	GtoA-26	GtoA-27	GtoA-28	GtoA-29
SGB6145	Paeniclostridium hominis	13.0824	4690523	2938.3204	169850	0.0574	0.0017	0.4532	0.0135	0.0004	0.0167	0.0	0.0	1.0	0.0016	0.0617	0.0439	0.0239	0.0221	0.024	0.0182	0.0181	0.0182	0.0158	0.0143	0.0191	0.0146	0.015	0.0192	0.0143	0.0155	0.0177	0.0169	0.0161	0.0223	0.0146	0.0157	0.0188	0.0141	0.016	0.0199	0.0149	0.0137	0.0185	0.015	0.054	0.0382	0.0212	0.0185	0.0198	0.0151	0.0133	0.0137	0.0115	0.0117	0.0132	0.0121	0.0116	0.0141	0.0118	0.0105	0.0116	0.0119	0.0119	0.0132	0.0121	0.0117	0.0112	0.0109	0.0106	0.0132	0.011	0.0109	0.011	0.0095
SGB6191	Clostridium perfringens	6.8645	2590585	1492.2163	155850	0.0689	0.0017	0.4337	0.0174	0.0004	0.0214	0.0	0.0	1.0	0.0017	0.0732	0.0516	0.0336	0.031	0.032	0.0235	0.0232	0.0258	0.0223	0.0194	0.0261	0.0205	0.0199	0.0223	0.0196	0.0182	0.0247	0.0195	0.0172	0.0235	0.0206	0.0187	0.022	0.02	0.0189	0.0205	0.0196	0.0167	0.0211	0.0184	0.0666	0.045	0.029	0.0232	0.0233	0.021	0.0152	0.0175	0.0171	0.014	0.0172	0.0179	0.0141	0.0174	0.0164	0.0146	0.016	0.0163	0.0151	0.0157	0.0177	0.0134	0.0152	0.0167	0.0131	0.0153	0.0156	0.013	0.0163	0.0136
SGB69221	Pseudomonas paraveronii	2.3206	157046	303.2858	31150	0.0406	0.0018	0.3891	0.0068	0.0004	0.0097	0.0	0.0	0.9998	0.0018	0.0396	0.0366	0.0165	0.0123	0.0116	0.0083	0.0088	0.0083	0.0072	0.0073	0.0074	0.0079	0.0068	0.0095	0.008	0.0076	0.0088	0.0063	0.0079	0.0074	0.0078	0.0069	0.0072	0.0065	0.0065	0.0065	0.0064	0.007	0.0058	0.0058	0.0363	0.033	0.0146	0.0137	0.0104	0.0084	0.008	0.007	0.0079	0.0073	0.0075	0.0075	0.007	0.0085	0.0083	0.0079	0.0077	0.0063	0.0064	0.0073	0.0071	0.0057	0.006	0.0058	0.0057	0.0058	0.0052	0.0053	0.0052	0.0054
SGB69222	Pseudomonas sp 5C2	2.1988	889439	264.6552	196850	0.036	0.0011	0.4235	0.0039	0.0002	0.0064	0.0	0.0	1.0	0.0011	0.0361	0.0263	0.0127	0.0092	0.0078	0.0064	0.0052	0.0046	0.0046	0.0049	0.0055	0.0056	0.0055	0.0053	0.0052	0.0053	0.0047	0.0046	0.0041	0.0043	0.0039	0.0036	0.0035	0.0033	0.0034	0.0031	0.0031	0.0031	0.0029	0.0028	0.0342	0.025	0.011	0.0094	0.0076	0.0061	0.0047	0.0046	0.0047	0.0043	0.0049	0.005	0.005	0.0047	0.0044	0.0045	0.0044	0.004	0.0036	0.004	0.0035	0.0032	0.0029	0.0029	0.0031	0.0025	0.0026	0.0024	0.0029	0.0026
SGB24890	Romboutsia hominis	1.5287	816583	369.7001	235500	0.0761	0.0027	0.3281	0.0127	0.0007	0.0191	0.0	0.0	1.0	0.0028	0.0757	0.064	0.0363	0.0302	0.0277	0.0239	0.0201	0.0202	0.0189	0.0158	0.0177	0.0178	0.017	0.0174	0.0161	0.0158	0.0171	0.0162	0.0146	0.0172	0.0152	0.0122	0.0148	0.0133	0.0119	0.0148	0.0143	0.0111	0.0138	0.0112	0.07	0.0674	0.035	0.0286	0.0232	0.0198	0.0166	0.0152	0.0143	0.0127	0.014	0.0134	0.0137	0.0141	0.014	0.0131	0.0146	0.0117	0.0116	0.0143	0.0118	0.0105	0.0092	0.0114	0.0092	0.0105	0.0098	0.0092	0.01	0.0092
SGB69465	Clostridium moniliforme	1.0266	304915	184.4486	156100	0.0577	0.0022	0.33	0.0133	0.0006	0.0178	0.0	0.0	1.0	0.0023	0.0574	0.0518	0.0265	0.0265	0.0299	0.0186	0.0203	0.0228	0.0164	0.0188	0.0224	0.0136	0.0159	0.0203	0.0126	0.0168	0.0187	0.0145	0.0155	0.0181	0.0135	0.0149	0.014	0.0112	0.0136	0.0151	0.0126	0.0117	0.0159	0.0111	0.0558	0.0483	0.0273	0.0219	0.0226	0.0191	0.0151	0.0171	0.0145	0.0138	0.0142	0.014	0.0134	0.0156	0.014	0.0124	0.012	0.0124	0.011	0.0148	0.0139	0.0116	0.0125	0.0115	0.0111	0.0104	0.0123	0.0091	0.0115	0.0108
SGB77442	Clostridium estertheticum	0.898	516601	153.3985	245700	0.0879	0.0033	0.5536	0.0218	0.0007	0.0258	0.0	0.0	1.0	0.0032	0.0931	0.0583	0.0388	0.0293	0.0402	0.0229	0.0199	0.0338	0.0226	0.0201	0.0316	0.0199	0.0243	0.0333	0.0233	0.0218	0.0352	0.0229	0.0225	0.0291	0.0202	0.0196	0.0321	0.0226	0.0205	0.0303	0.0226	0.0224	0.0267	0.0224	0.0841	0.047	0.0304	0.0226	0.0261	0.025	0.016	0.0222	0.0216	0.0185	0.0216	0.0215	0.0176	0.0242	0.0231	0.0176	0.0223	0.0206	0.0182	0.023	0.0203	0.0152	0.0179	0.0205	0.0148	0.0189	0.0201	0.013	0.019	0.0192
SGB24909	Clostridium algidicarnis	0.3395	116591	48.3851	165450	0.0847	0.0028	0.4318	0.0124	0.0006	0.018	0.0	0.0	0.9997	0.0028	0.0804	0.0634	0.0304	0.0222	0.0213	0.0175	0.0151	0.0158	0.0136	0.0155	0.0157	0.0158	0.0146	0.0135	0.0153	0.0132	0.0145	0.0123	0.015	0.0174	0.0144	0.0101	0.0169	0.0153	0.0138	0.0113	0.013	0.0109	0.0121	0.0091	0.0835	0.061	0.0289	0.0236	0.0218	0.015	0.0137	0.0133	0.0133	0.0145	0.0136	0.0148	0.0128	0.0138	0.0167	0.0111	0.012	0.0129	0.0129	0.0119	0.0114	0.0129	0.0117	0.011	0.0102	0.0121	0.0123	0.0079	0.0062	0.0049
SGB10380	Acinetobacter guillouiae	0.313	111874	46.7966	169900	0.0138	0.0016	0.1939	0.0106	0.0006	0.0111	0.0	0.0	0.999	0.0019	0.0109	0.0216	0.0184	0.013	0.0127	0.013	0.0112	0.0096	0.0144	0.0096	0.0101	0.0113	0.0118	0.0118	0.0109	0.0135	0.0103	0.015	0.0145	0.0107	0.0092	0.0117	0.012	0.0135	0.0142	0.0106	0.0114	0.0104	0.0091	0.0133	0.0071	0.0146	0.0135	0.0105	0.0131	0.0113	0.0101	0.0073	0.0085	0.0095	0.0087	0.0094	0.0111	0.0095	0.0113	0.0069	0.0071	0.0105	0.0126	0.0065	0.009	0.0091	0.0097	0.0096	0.0091	0.0105	0.0116	0.0126	0.0085	0.0129
SGB110443	Pseudomonas sp UMAB 08	0.2856	259563	71.1289	199000	0.0468	0.0019	0.3793	0.0092	0.0004	0.0125	0.0	0.0	0.9999	0.0019	0.0465	0.0411	0.021	0.0177	0.0167	0.0152	0.0128	0.0121	0.013	0.0111	0.0143	0.0138	0.0137	0.014	0.0128	0.0109	0.0118	0.0103	0.0104	0.0108	0.0089	0.0094	0.0097	0.01	0.0096	0.011	0.011	0.0105	0.0092	0.0109	0.0425	0.0385	0.0176	0.0142	0.0145	0.0102	0.0082	0.0083	0.009	0.0081	0.0089	0.0086	0.0079	0.0098	0.0092	0.0095	0.0076	0.0087	0.0068	0.007	0.0073	0.0068	0.0075	0.0063	0.0065	0.0066	0.0075	0.006	0.0076	0.0068
SGB177663	Pseudomonas sp AH2	0.2525	221723	33.3474	388000	0.0412	0.0013	0.4237	0.0049	0.0003	0.0078	0.0	0.0	1.0	0.0013	0.0415	0.0307	0.0146	0.0101	0.0099	0.0067	0.0066	0.0053	0.0062	0.0059	0.0061	0.0073	0.0066	0.0074	0.0073	0.0064	0.0069	0.006	0.0048	0.0054	0.0044	0.0047	0.004	0.0035	0.0044	0.0033	0.0037	0.0036	0.0036	0.0035	0.0387	0.0289	0.014	0.0111	0.0088	0.0066	0.006	0.0062	0.0059	0.0048	0.0056	0.0062	0.0058	0.0061	0.0058	0.0063	0.0053	0.0059	0.0046	0.0043	0.0039	0.0042	0.0039	0.004	0.0043	0.0036	0.0041	0.0034	0.0034	0.0036
SGB104342	GGB76765 SGB104342	0.1578	140639	21.8136	414000	0.0195	0.0011	0.3384	0.005	0.0003	0.0064	0.0	0.0	1.0	0.0012	0.0188	0.0188	0.0099	0.0079	0.0066	0.0059	0.0059	0.0045	0.0049	0.0051	0.0057	0.005	0.0074	0.0075	0.0062	0.005	0.0052	0.0055	0.0063	0.0066	0.0049	0.0045	0.0054	0.0034	0.0034	0.0038	0.0036	0.0039	0.0033	0.0042	0.0182	0.0164	0.0095	0.0083	0.0092	0.0074	0.0061	0.0057	0.0051	0.0063	0.0063	0.0069	0.0063	0.0069	0.0073	0.0071	0.0059	0.0047	0.005	0.0062	0.0044	0.0047	0.0046	0.0039	0.0035	0.0038	0.0043	0.0031	0.0036	0.0039
SGB3546	Treponema succinifaciens	0.1528	16519	21.3429	49700	0.0763	0.0028	0.3467	0.0072	0.0007	0.0139	0.0	0.0	0.9194	0.0029	0.0746	0.065	0.0353	0.0279	0.0177	0.0191	0.0077	0.0126	0.012	0.0043	0.0077	0.0086	0.0103	0.0099	0.0043	0.0061	0.0084	0.0022	0.0097	0.006	0.0088	0.0047	0.0063	0.0043	0.0084	0.0059	0.0071	0.0042	0.0059	0.0103	0.0696	0.0605	0.031	0.0252	0.0116	0.0153	0.0107	0.0118	0.0109	0.0088	0.0091	0.0069	0.0103	0.0105	0.0081	0.0096	0.0088	0.0082	0.0082	0.0056	0.0063	0.0057	0.0052	0.0093	0.0066	0.0025	0.0136	0.0102	0.008	0.0099
SGB10398	Acinetobacter johnsonii	0.1412	41143	19.7042	141800	0.0158	0.0015	0.2523	0.0114	0.0004	0.012	0.0	0.0	0.9934	0.0017	0.0155	0.0191	0.0154	0.0136	0.014	0.015	0.0135	0.011	0.0163	0.0103	0.0126	0.0147	0.0124	0.0092	0.0193	0.0135	0.0146	0.0151	0.0149	0.0115	0.0122	0.0121	0.0108	0.0133	0.0133	0.0105	0.0129	0.0132	0.0108	0.0157	0.0099	0.0186	0.0163	0.0118	0.0115	0.012	0.0056	0.0089	0.0095	0.0093	0.0093	0.0089	0.0118	0.0092	0.0098	0.0093	0.0131	0.0117	0.0097	0.0127	0.0095	0.01	0.0105	0.0086	0.0105	0.0115	0.01	0.0086	0.0095	0.0126
SGB4886	Kineothrix SGB4886	0.1395	21507	23.8462	76150	0.0878	0.0037	0.341	0.0092	0.0009	0.0168	0.0	0.0	0.9791	0.0039	0.0799	0.0744	0.0356	0.0319	0.0196	0.0174	0.015	0.0083	0.0168	0.0143	0.0156	0.0081	0.0087	0.0087	0.0126	0.008	0.0048	0.0101	0.0081	0.0121	0.0144	0.0104	0.0079	0.006	0.0117	0.0069	0.0082	0.0097	0.0129	0.003	0.0821	0.0793	0.0407	0.0251	0.0206	0.0165	0.0168	0.0126	0.0159	0.0102	0.0068	0.0116	0.0114	0.0077	0.0108	0.0111	0.0087	0.0126	0.0134	0.0078	0.0077	0.0063	0.0071	0.0073	0.0087	0.0077	0.0111	0.0081	0.0142	0.0093
SGB6146	Paraclostridium sordellii	0.1191	41933	21.6998	164600	0.0756	0.0048	0.3851	0.018	0.0011	0.023	0.0	0.0	0.9993	0.0049	0.0789	0.0643	0.0327	0.0337	0.0302	0.0174	0.0252	0.0324	0.0234	0.0213	0.0343	0.0248	0.0233	0.0237	0.0248	0.0195	0.0283	0.0199	0.0156	0.0301	0.0227	0.0109	0.0269	0.023	0.0104	0.0254	0.0146	0.0131	0.0234	0.0166	0.0665	0.0679	0.0284	0.0259	0.0245	0.0234	0.0183	0.0178	0.0175	0.014	0.0243	0.0214	0.015	0.0175	0.0201	0.016	0.0222	0.0144	0.0185	0.0224	0.0187	0.0113	0.0162	0.0097	0.0102	0.015	0.0123	0.0147	0.0127	0.0123
SGB6153	Clostridiaceae bacterium	0.1053	31031	22.4634	142850	0.0864	0.0023	0.3767	0.0102	0.0005	0.0169	0.0	0.0	0.9986	0.0024	0.0833	0.0532	0.0326	0.0301	0.0296	0.0161	0.0146	0.0142	0.0155	0.0156	0.0071	0.0082	0.0172	0.0139	0.0146	0.0106	0.0192	0.0122	0.0146	0.019	0.0143	0.0089	0.0106	0.011	0.0136	0.0154	0.0162	0.009	0.0108	0.0103	0.0835	0.0713	0.0408	0.0242	0.0183	0.0149	0.0165	0.0059	0.0126	0.0054	0.0095	0.0088	0.0094	0.0049	0.0082	0.0071	0.0088	0.0147	0.0114	0.0087	0.0087	0.009	0.0079	0.0085	0.0103	0.0112	0.0083	0.009	0.0078	0.0095
SGB71345	GGB51124 SGB71345	0.0943	38220	10.7461	190400	0.1009	0.0023	0.4653	0.0095	0.0005	0.0161	0.0	0.0	0.9998	0.0022	0.0906	0.0689	0.0301	0.0242	0.0237	0.0171	0.0111	0.021	0.013	0.0103	0.0181	0.0156	0.0161	0.0117	0.0099	0.0129	0.012	0.0113	0.0121	0.0156	0.0111	0.013	0.0132	0.009	0.0098	0.0087	0.0114	0.0076	0.0109	0.0084	0.1071	0.0612	0.029	0.021	0.0166	0.0117	0.0078	0.0069	0.0088	0.0104	0.008	0.0093	0.0093	0.0083	0.0081	0.01	0.0074	0.0087	0.0088	0.0076	0.0068	0.0065	0.0106	0.0059	0.0065	0.0055	0.0075	0.0066	0.0064	0.0064
SGB17316	GGB10664 SGB17316	0.089	29722	12.6928	161300	0.0658	0.0031	0.391	0.0116	0.0007	0.0163	0.0	0.0	0.9987	0.0031	0.0606	0.0533	0.0301	0.0235	0.0191	0.0207	0.0134	0.015	0.0134	0.0105	0.0144	0.013	0.013	0.0126	0.0198	0.0138	0.0114	0.0144	0.0153	0.0104	0.0166	0.0164	0.0114	0.0134	0.0148	0.0119	0.0124	0.0129	0.0133	0.0148	0.0627	0.0591	0.0203	0.021	0.0183	0.0152	0.0081	0.0094	0.0134	0.014	0.0136	0.0091	0.0111	0.0111	0.0144	0.0096	0.0126	0.0123	0.0081	0.0098	0.0085	0.0129	0.013	0.0087	0.0107	0.0087	0.0063	0.0083	0.0092	0.0081
SGB12200	Pseudomonas koreensis	0.0783	11806	10.1072	77100	0.0084	0.0013	0.1197	0.0057	0.0008	0.0064	0.0261	0.0375	0.869	0.0018	0.0051	0.0141	0.0108	0.0069	0.0055	0.0149	0.0068	0.0067	0.0054	0.0073	0.0104	0.003	0.0106	0.0061	0.0047	0.0083	0.0041	0.0063	0.0046	0.0064	0.0053	0.0056	0.0061	0.0051	0.0048	0.008	0.0107	0.0024	0.0053	0.009	0.0032	0.0059	0.0131	0.008	0.0061	0.0066	0.0051	0.0083	0.0039	0.0054	0.0028	0.0058	0.0041	0.0033	0.0033	0.0101	0.0054	0.007	0.0039	0.003	0.006	0.0072	0.0102	0.0067	0.0067	0.0053	0.0044	0.0056	0.0045	0.0051
SGB109582	Clostridium psychrophilum	0.0782	53430	11.8868	294100	0.0499	0.0017	0.3344	0.0205	0.0004	0.0234	0.0	0.0	1.0	0.0017	0.0491	0.046	0.0356	0.0293	0.0299	0.0239	0.0262	0.0297	0.0313	0.0265	0.0268	0.0245	0.0282	0.0281	0.0263	0.0202	0.0242	0.024	0.027	0.0274	0.0213	0.0226	0.0252	0.026	0.0234	0.0263	0.0199	0.0216	0.0301	0.0203	0.0476	0.0426	0.0315	0.0236	0.0273	0.0227	0.0148	0.0178	0.0213	0.0174	0.0206	0.018	0.0139	0.015	0.0167	0.0218	0.0156	0.0215	0.0164	0.017	0.0192	0.0174	0.0171	0.0155	0.0186	0.0173	0.0167	0.0172	0.0181	0.0211
SGB88362	Variovorax sp PAMC28562	0.0644	40142	9.8614	282700	0.0203	0.001	0.3201	0.0062	0.0003	0.0077	0.0	0.0	1.0	0.0011	0.018	0.0213	0.0115	0.0114	0.0068	0.0096	0.008	0.0055	0.009	0.0065	0.0092	0.0108	0.0072	0.0068	0.0049	0.008	0.006	0.0055	0.0054	0.0063	0.0086	0.0085	0.0066	0.0069	0.0054	0.0064	0.0059	0.0067	0.0075	0.0044	0.0201	0.0166	0.0108	0.0114	0.0087	0.0059	0.0074	0.0066	0.0043	0.007	0.0071	0.0069	0.0049	0.0053	0.0069	0.0074	0.0061	0.0055	0.0064	0.0073	0.0051	0.0058	0.0057	0.0048	0.0038	0.0061	0.0048	0.0063	0.0046	0.0059
SGB4290	Ruminococcus bromii	0.0615	19525	11.454	150700	0.0861	0.0037	0.4126	0.0091	0.0008	0.0153	0.0	0.0	0.9986	0.0037	0.0817	0.0663	0.0273	0.0208	0.0262	0.0155	0.0124	0.0073	0.0131	0.0135	0.0127	0.0108	0.0128	0.0116	0.012	0.0094	0.0121	0.0087	0.0125	0.0095	0.0103	0.0082	0.0071	0.0109	0.0083	0.0129	0.0064	0.0075	0.0071	0.0078	0.0826	0.0684	0.0252	0.0196	0.0197	0.0115	0.0122	0.0062	0.0111	0.0097	0.0129	0.0105	0.0092	0.0147	0.0068	0.0082	0.0059	0.0074	0.0089	0.0145	0.0112	0.0066	0.0064	0.0082	0.0071	0.0058	0.0049	0.0078	0.0071	0.0098
SGB29085	Clostridium sp Ade TY	0.0609	113038	42.9499	204550	0.0553	0.0025	0.3601	0.014	0.0006	0.0178	0.0	0.0	0.9999	0.0026	0.0582	0.0391	0.0311	0.0213	0.0256	0.0219	0.0157	0.0263	0.0176	0.0161	0.0209	0.0141	0.0115	0.0195	0.0175	0.0155	0.021	0.0175	0.0159	0.0186	0.0177	0.0205	0.0188	0.0192	0.0157	0.0216	0.0231	0.0155	0.0309	0.0188	0.0511	0.0475	0.0271	0.0201	0.0232	0.0196	0.01	0.017	0.0128	0.011	0.0149	0.0107	0.0114	0.0139	0.0111	0.0086	0.0127	0.0139	0.0074	0.0125	0.0104	0.012	0.0141	0.0117	0.0093	0.0114	0.0086	0.0077	0.0106	0.0133
SGB12105	Pseudomonas paraversuta	0.0591	18035	7.2948	146500	0.0276	0.0011	0.401	0.0054	0.0002	0.0073	0.0	0.0	0.9941	0.0011	0.0259	0.0215	0.0105	0.0077	0.0098	0.0079	0.0054	0.0071	0.0069	0.0058	0.0079	0.0099	0.0068	0.0112	0.0068	0.0065	0.0069	0.0059	0.0076	0.0069	0.0045	0.0085	0.004	0.005	0.0051	0.0063	0.0066	0.0047	0.0064	0.0051	0.0284	0.0191	0.0128	0.0126	0.0082	0.0068	0.0056	0.0052	0.003	0.0071	0.0044	0.0046	0.0053	0.007	0.003	0.0073	0.0056	0.0053	0.0033	0.0045	0.0037	0.0027	0.0055	0.0037	0.0027	0.0056	0.0031	0.0041	0.0038	0.003
SGB12852	Janthinobacterium tructae	0.0573	3405	6.0466	27550	0.0525	0.0039	0.3588	0.0076	0.0009	0.0118	0.0	0.0	0.6467	0.004	0.0406	0.0499	0.0347	0.0135	0.0179	0.0074	0.0128	0.0095	0.0232	0.0186	0.0	0.0055	0.0019	0.0097	0.0122	0.0092	0.0144	0.0043	0.0156	0.0075	0.006	0.0076	0.0128	0.0173	0.0072	0.0	0.0177	0.0075	0.0039	0.008	0.058	0.0388	0.0132	0.018	0.0101	0.0066	0.0151	0.0019	0.0159	0.014	0.0084	0.004	0.0057	0.0093	0.008	0.0095	0.0097	0.0059	0.0038	0.004	0.0096	0.0	0.0081	0.0	0.0057	0.0039	0.0	0.0055	0.0059	0.0099
SGB4247	Oscillospiraceae bacterium	0.0556	16768	9.86	145400	0.0647	0.0022	0.3918	0.0076	0.0005	0.0124	0.0	0.0	0.9973	0.0023	0.07	0.0487	0.0224	0.0187	0.0204	0.0209	0.0128	0.0114	0.0095	0.0087	0.0105	0.0096	0.0116	0.0099	0.0114	0.0105	0.0055	0.0063	0.0058	0.0092	0.0071	0.0053	0.0058	0.0072	0.0077	0.0085	0.0026	0.0091	0.0083	0.0063	0.06	0.0417	0.0218	0.0194	0.0169	0.0105	0.0128	0.0075	0.0067	0.0111	0.0102	0.0074	0.0115	0.0075	0.0098	0.0073	0.0041	0.0112	0.007	0.0062	0.0045	0.0077	0.0063	0.0071	0.0061	0.0067	0.0081	0.0027	0.004	0.0023
SGB3548	GGB2631 SGB3548	0.0487	30250	8.1589	243800	0.0866	0.0029	0.3887	0.0099	0.0007	0.0165	0.0	0.0	1.0	0.0029	0.0857	0.0598	0.0411	0.0246	0.0179	0.0144	0.0107	0.0154	0.0081	0.0102	0.0134	0.0145	0.0097	0.0101	0.0117	0.0133	0.0102	0.0072	0.0106	0.0095	0.0075	0.0101	0.0124	0.0087	0.0069	0.0131	0.0101	0.0075	0.0042	0.0073	0.0792	0.0741	0.0278	0.0263	0.0195	0.0158	0.0089	0.0136	0.0113	0.0117	0.0126	0.0125	0.0119	0.0114	0.0141	0.0077	0.0093	0.0112	0.0127	0.0124	0.009	0.0107	0.0102	0.0107	0.0118	0.0072	0.01	0.0099	0.0054	0.0109
SGB1626	Segatella copri	0.0484	17725	6.0722	169100	0.0731	0.0028	0.4254	0.0104	0.0006	0.0153	0.0	0.0	0.9991	0.0028	0.0674	0.0592	0.0223	0.0301	0.0184	0.0153	0.0141	0.0178	0.0124	0.0107	0.0157	0.0075	0.0138	0.0175	0.011	0.0127	0.0072	0.0175	0.0106	0.0123	0.0101	0.0134	0.0147	0.0069	0.0121	0.0096	0.0066	0.009	0.0091	0.0087	0.0733	0.0512	0.0281	0.0171	0.0096	0.0122	0.0076	0.0095	0.0144	0.0068	0.0102	0.0105	0.0087	0.0124	0.018	0.0127	0.0122	0.0101	0.0078	0.0082	0.0095	0.0066	0.0099	0.0056	0.0111	0.008	0.0101	0.0107	0.0109	0.0061
SGB5967	Brachyspira aalborgi	0.0483	7940	6.5081	85250	0.0929	0.0069	0.3747	0.0171	0.0016	0.0239	0.0	0.0	0.9794	0.007	0.0852	0.0957	0.0394	0.0327	0.0347	0.0213	0.0113	0.0275	0.0169	0.0113	0.0201	0.0131	0.0108	0.0188	0.0373	0.0199	0.0279	0.0236	0.0157	0.0224	0.0231	0.0159	0.0255	0.0162	0.0313	0.0092	0.0161	0.0164	0.017	0.0163	0.0836	0.0823	0.0385	0.0195	0.0209	0.0325	0.0197	0.0226	0.0341	0.0082	0.0156	0.0217	0.0078	0.0117	0.0218	0.0193	0.0238	0.0116	0.0228	0.016	0.0179	0.0168	0.0134	0.0174	0.0231	0.0079	0.0086	0.019	0.0112	0.009
SGB4648	Lachnospiraceae bacterium AM53 6	0.0467	15767	8.0583	157300	0.091	0.0042	0.3637	0.0108	0.001	0.0181	0.0	0.0	0.999	0.0044	0.0875	0.0744	0.0397	0.0241	0.0205	0.0171	0.0193	0.0107	0.0155	0.0135	0.0167	0.0133	0.0114	0.021	0.0091	0.0142	0.015	0.0174	0.0109	0.0132	0.0088	0.0054	0.0131	0.0101	0.0144	0.0109	0.0121	0.0087	0.0071	0.0115	0.0815	0.0824	0.0381	0.0254	0.0191	0.0187	0.0161	0.0132	0.0161	0.0096	0.0128	0.0108	0.0116	0.014	0.0115	0.0123	0.0113	0.0151	0.0087	0.0107	0.0145	0.0078	0.006	0.0083	0.0059	0.0075	0.0101	0.013	0.0073	0.0074
SGB4930	GGB3637 SGB4930	0.0449	19635	6.0418	202100	0.0848	0.0041	0.3745	0.0092	0.001	0.0159	0.0	0.0	0.9998	0.0042	0.0762	0.0719	0.0284	0.0254	0.0184	0.0123	0.0103	0.0129	0.0093	0.0129	0.0155	0.0136	0.0067	0.0167	0.0101	0.0111	0.0122	0.0135	0.0077	0.0112	0.0133	0.008	0.0069	0.0157	0.0103	0.0081	0.006	0.0092	0.0147	0.01	0.0791	0.0764	0.0337	0.0243	0.0177	0.0134	0.0136	0.0116	0.0122	0.0083	0.0111	0.009	0.0084	0.0071	0.0137	0.011	0.0091	0.0104	0.01	0.0075	0.0032	0.0068	0.0107	0.008	0.0068	0.0085	0.008	0.0066	0.0075	0.0084
SGB12293	Pseudomonas putida	0.0419	6348	5.9579	75750	0.0062	0.0014	0.1167	0.003	0.0008	0.0038	0.0056	0.0087	0.8426	0.0019	0.0074	0.0095	0.0063	0.0072	0.0077	0.0045	0.0031	0.001	0.0073	0.0021	0.0039	0.0011	0.001	0.0039	0.0093	0.0052	0.001	0.0039	0.0011	0.0042	0.0089	0.001	0.004	0.0	0.0038	0.001	0.0031	0.003	0.0022	0.001	0.002	0.0072	0.0	0.007	0.0068	0.0022	0.002	0.0031	0.0074	0.001	0.0051	0.0073	0.004	0.0038	0.0074	0.002	0.001	0.003	0.0	0.0031	0.001	0.003	0.003	0.0011	0.002	0.005	0.0031	0.008	0.0043	0.0043
SGB115818	GGB9059 SGB115818	0.0401	15427	5.6806	181200	0.0723	0.0026	0.4869	0.012	0.0005	0.0162	0.0	0.0	0.9994	0.0025	0.0668	0.0562	0.0258	0.0184	0.0168	0.0218	0.024	0.02	0.0203	0.0123	0.0151	0.0149	0.0164	0.0157	0.0135	0.0195	0.0154	0.0187	0.0098	0.0149	0.0171	0.0137	0.009	0.0114	0.0095	0.0137	0.0116	0.0173	0.0161	0.0096	0.0761	0.0385	0.0225	0.0127	0.0195	0.0132	0.009	0.0123	0.0104	0.0099	0.009	0.0155	0.0112	0.01	0.0073	0.0079	0.0108	0.0068	0.0112	0.0063	0.0096	0.0068	0.0104	0.0145	0.0085	0.0069	0.0074	0.0055	0.0148	0.0042
SGB4644	Clostridium sp AF36 4	0.0348	14066	6.7795	148800	0.0873	0.0027	0.3549	0.01	0.0007	0.0172	0.0	0.0	0.9984	0.0028	0.0812	0.0709	0.0456	0.0304	0.0239	0.0126	0.013	0.0242	0.0152	0.0165	0.0175	0.0077	0.0102	0.0141	0.0066	0.0034	0.0156	0.0098	0.0146	0.0155	0.0181	0.0097	0.0179	0.0072	0.0108	0.0114	0.0093	0.0063	0.0115	0.0064	0.0875	0.062	0.038	0.0303	0.0208	0.0137	0.0187	0.0118	0.0045	0.0142	0.0074	0.0141	0.0114	0.0114	0.01	0.0107	0.0088	0.0057	0.0043	0.016	0.0106	0.0097	0.011	0.0109	0.0102	0.012	0.0065	0.0074	0.0056	0.0046
SGB12104	Pseudomonas versuta	0.0346	11281	3.9089	151250	0.0702	0.0036	0.4176	0.0073	0.0008	0.0124	0.0	0.0	0.9978	0.0036	0.0771	0.0609	0.0285	0.0138	0.0101	0.0136	0.0106	0.0079	0.0082	0.0094	0.0146	0.0105	0.0128	0.0123	0.0136	0.0107	0.009	0.0111	0.0118	0.0047	0.0031	0.0079	0.0121	0.0104	0.0048	0.0066	0.0104	0.0046	0.0047	0.0074	0.0543	0.0546	0.0171	0.016	0.0144	0.0087	0.007	0.0125	0.0039	0.0052	0.0064	0.0125	0.0071	0.0071	0.0058	0.0078	0.0071	0.0051	0.0066	0.0013	0.0039	0.0064	0.0037	0.0088	0.0052	0.007	0.0082	0.008	0.0032	0.0047
SGB78851	Chryseobacterium vaccae	0.0335	21403	5.6235	284250	0.0038	0.0006	0.1132	0.0024	0.0004	0.0028	0.0611	0.0827	1.0	0.0008	0.0034	0.0064	0.0056	0.0018	0.0019	0.0054	0.0012	0.0028	0.0033	0.0022	0.0023	0.0016	0.0051	0.0039	0.0027	0.0041	0.0011	0.0027	0.0022	0.0031	0.0048	0.0038	0.0041	0.0027	0.0048	0.0026	0.0016	0.0011	0.0027	0.0011	0.002	0.0025	0.0055	0.0023	0.0034	0.0032	0.0051	0.0035	0.001	0.0036	0.001	0.0043	0.0021	0.0019	0.0009	0.001	0.0025	0.0034	0.002	0.0034	0.0023	0.0015	0.0005	0.0042	0.0026	0.0041	0.0024	0.0021	0.0015	0.0015
SGB89959	GGB66394 SGB89959	0.0317	24637	4.7711	347050	0.0122	0.001	0.2397	0.0055	0.0003	0.0065	0.0	0.0	1.0	0.0012	0.0127	0.0125	0.0139	0.0071	0.0074	0.0097	0.0076	0.0061	0.0052	0.0073	0.0078	0.0074	0.0093	0.0067	0.0055	0.0051	0.0079	0.0059	0.0067	0.0049	0.0078	0.0079	0.0073	0.0069	0.005	0.0036	0.0074	0.0076	0.0052	0.0063	0.01	0.0114	0.0085	0.0043	0.0079	0.0067	0.0058	0.006	0.0051	0.0033	0.0058	0.0079	0.0052	0.0041	0.0036	0.0056	0.0059	0.0036	0.0052	0.0033	0.0053	0.0059	0.0065	0.0014	0.0055	0.0034	0.004	0.0048	0.0055	0.0046
SGB10366	Acinetobacter parvus	0.0317	1952	6.3157	21350	0.0073	0.0045	0.99	0.0063	0.0008	0.0063	0.9614	1.0	0.361	0.0042	0.0	0.0124	0.0	0.0116	0.0065	0.0	0.0	0.0112	0.0319	0.0	0.0194	0.0118	0.0061	0.0112	0.0238	0.0183	0.0127	0.0172	0.0112	0.0	0.0122	0.0	0.0	0.0	0.0066	0.0056	0.0066	0.0052	0.0	0.012	0.0126	0.0	0.0121	0.0049	0.0	0.0049	0.0	0.004	0.0	0.0042	0.0	0.0043	0.0	0.0041	0.0	0.0	0.0	0.0093	0.0179	0.0	0.0	0.0	0.0041	0.004	0.0159	0.0	0.0087	0.0126	0.0045	0.0134
SGB104446	Mucilaginibacter aurantiaciroseus	0.0315	28950	4.3792	405400	0.0211	0.0015	0.2884	0.0091	0.0004	0.0105	0.0	0.0	1.0	0.0016	0.0188	0.0234	0.017	0.01	0.0162	0.012	0.0118	0.0106	0.0123	0.0151	0.0123	0.0084	0.0111	0.0117	0.0099	0.0063	0.0096	0.0098	0.0105	0.0114	0.0087	0.0084	0.0067	0.0083	0.0086	0.0093	0.0076	0.0066	0.0115	0.0127	0.0187	0.0222	0.0134	0.0108	0.0088	0.0099	0.0064	0.0079	0.0083	0.0052	0.0106	0.0103	0.0085	0.0105	0.0129	0.0111	0.0099	0.0117	0.0096	0.0081	0.011	0.0105	0.007	0.007	0.0063	0.0087	0.0086	0.0079	0.0076	0.0051
SGB1606	Xylanibacter brevis	0.0299	13059	3.8361	203850	0.0848	0.0033	0.4368	0.0092	0.0007	0.0149	0.0	0.0	0.9998	0.0032	0.0803	0.0604	0.0249	0.0279	0.0171	0.0187	0.0135	0.0116	0.0079	0.0107	0.0148	0.0137	0.0093	0.0097	0.0077	0.0112	0.0095	0.0107	0.0031	0.012	0.0052	0.0069	0.0117	0.0101	0.0084	0.0082	0.0058	0.0064	0.0066	0.0065	0.0848	0.0629	0.0207	0.0153	0.0165	0.0149	0.0097	0.0116	0.0151	0.0084	0.0084	0.0095	0.013	0.0119	0.0136	0.0111	0.0073	0.016	0.0097	0.0091	0.0108	0.0078	0.0063	0.0081	0.0075	0.0098	0.0105	0.0051	0.005	0.0048
SGB38478	Pseudomonas faucium	0.0291	10551	4.3574	166500	0.0107	0.0012	0.2718	0.005	0.0003	0.0057	0.0	0.0	0.9961	0.0014	0.0131	0.0114	0.0113	0.0043	0.0057	0.0094	0.0047	0.0027	0.0034	0.0039	0.0022	0.0062	0.0066	0.0045	0.0055	0.0057	0.0045	0.0046	0.0069	0.0055	0.0022	0.0039	0.005	0.0045	0.0048	0.0082	0.0045	0.0067	0.0028	0.0065	0.0048	0.0109	0.0088	0.0029	0.0083	0.009	0.0074	0.0054	0.0063	0.0057	0.0035	0.0053	0.0041	0.004	0.0022	0.0047	0.0045	0.0071	0.0046	0.0041	0.0052	0.0061	0.0084	0.0046	0.0051	0.0046	0.0074	0.0034	0.008	0.006
SGB26726	GGB18083 SGB26726	0.0273	9909	3.6899	166500	0.082	0.0046	0.3478	0.0107	0.0011	0.0175	0.0	0.0	0.9991	0.0048	0.0671	0.0844	0.0398	0.0312	0.0237	0.0165	0.0225	0.0137	0.0113	0.0118	0.0167	0.0075	0.0117	0.0078	0.0232	0.0098	0.0076	0.0161	0.0141	0.011	0.0167	0.0115	0.0149	0.0224	0.0101	0.0119	0.0047	0.0081	0.012	0.0068	0.0811	0.0677	0.0322	0.0207	0.0237	0.0126	0.0145	0.0125	0.0114	0.0136	0.0083	0.0127	0.0104	0.0071	0.0153	0.0066	0.0158	0.0101	0.0117	0.0132	0.0076	0.0111	0.0053	0.0145	0.0046	0.0123	0.0058	0.0084	0.0142	0.0079
SGB1644	Segatella sinensis	0.0262	10512	3.3867	188500	0.0705	0.0034	0.4103	0.0097	0.0008	0.0146	0.0	0.0	0.9995	0.0034	0.0654	0.0572	0.0219	0.022	0.0187	0.0084	0.0097	0.0098	0.0101	0.0123	0.0181	0.0119	0.0119	0.0147	0.0066	0.0096	0.0072	0.0164	0.012	0.0101	0.0102	0.0072	0.0065	0.0113	0.0095	0.0075	0.0144	0.013	0.0083	0.0097	0.0666	0.0577	0.0293	0.0193	0.0169	0.0075	0.0085	0.0081	0.0104	0.0116	0.0139	0.0166	0.0088	0.009	0.0076	0.0131	0.0112	0.0058	0.0099	0.0092	0.0112	0.0099	0.005	0.0088	0.0091	0.0079	0.0103	0.0091	0.0057	0.011
SGB15095	GGB9634 SGB15095	0.026	7506	3.8812	131750	0.0587	0.0024	0.3906	0.0111	0.0006	0.0151	0.0	0.0	0.9936	0.0025	0.0587	0.043	0.0272	0.0359	0.0198	0.0209	0.0205	0.013	0.0143	0.0185	0.0143	0.0197	0.0141	0.0119	0.0169	0.0177	0.014	0.0141	0.0128	0.0149	0.0105	0.0104	0.0123	0.0116	0.0044	0.0148	0.0027	0.016	0.0205	0.0086	0.0609	0.0355	0.0228	0.0187	0.0123	0.0096	0.0108	0.0105	0.0089	0.0119	0.0122	0.0107	0.0067	0.0101	0.0095	0.0074	0.0105	0.0092	0.0133	0.0068	0.0055	0.0102	0.0053	0.0065	0.0066	0.0111	0.0087	0.0089	0.0052	0.0142
SGB4881	GGB3612 SGB4881	0.025	10587	4.6632	198150	0.0948	0.0048	0.3449	0.0074	0.0012	0.0158	0.0	0.0	0.9998	0.005	0.0858	0.0871	0.0463	0.0284	0.0243	0.0149	0.0131	0.0055	0.0126	0.0089	0.0085	0.008	0.0115	0.0117	0.0112	0.0033	0.0078	0.0114	0.0097	0.013	0.0111	0.0131	0.0107	0.0	0.0032	0.0054	0.0082	0.0075	0.0032	0.008	0.085	0.0856	0.0325	0.0312	0.0167	0.0149	0.0142	0.0066	0.0055	0.0088	0.0087	0.0114	0.009	0.0109	0.0052	0.0074	0.0091	0.0106	0.0063	0.0101	0.0112	0.007	0.0098	0.0092	0.0076	0.0065	0.0049	0.0053	0.0039	0.0064
SGB4788	Blautia stercoris	0.0243	8249	4.8293	160850	0.072	0.0034	0.3936	0.0082	0.0008	0.0136	0.0	0.0	0.9986	0.0034	0.0813	0.0548	0.0202	0.0212	0.0189	0.0204	0.0167	0.0118	0.0061	0.024	0.0118	0.0059	0.0109	0.0149	0.0076	0.0045	0.0076	0.0048	0.0031	0.0062	0.0114	0.0076	0.0062	0.0015	0.0126	0.0141	0.0126	0.0089	0.0094	0.0116	0.0649	0.0499	0.0211	0.0322	0.0162	0.0097	0.0116	0.0143	0.0068	0.0041	0.0052	0.0011	0.0114	0.0102	0.0033	0.0157	0.0124	0.0087	0.0053	0.0044	0.0116	0.0041	0.0072	0.0055	0.0085	0.0056	0.0065	0.0074	0.0072	0.0087
SGB11384	Methylobacterium fujisawaense	0.0238	7808	4.0429	152900	0.0166	0.0013	0.3912	0.003	0.0003	0.0042	0.0	0.0	0.9938	0.0013	0.0154	0.0136	0.0132	0.0067	0.0035	0.0068	0.0041	0.0042	0.0022	0.0029	0.0047	0.0043	0.0035	0.0027	0.0037	0.0021	0.0034	0.0021	0.0021	0.0014	0.0035	0.0072	0.0	0.0022	0.0036	0.0062	0.0051	0.0077	0.0027	0.0007	0.0183	0.005	0.0087	0.0045	0.0027	0.0039	0.0007	0.0034	0.0029	0.0029	0.0041	0.0067	0.0021	0.0007	0.0008	0.0058	0.0036	0.0038	0.0021	0.0061	0.0015	0.0028	0.0007	0.0015	0.0007	0.0007	0.0015	0.0021	0.0049	0.0031
SGB15199	GGB168217 SGB15199	0.0228	9108	3.1412	182750	0.078	0.0032	0.4845	0.009	0.0007	0.0138	0.0	0.0	0.9995	0.0032	0.0852	0.0498	0.0287	0.0137	0.0212	0.0168	0.0094	0.0075	0.0155	0.0103	0.0145	0.0178	0.0104	0.0094	0.0149	0.0031	0.0087	0.01	0.0084	0.0177	0.0079	0.0074	0.01	0.0066	0.0053	0.0084	0.0109	0.0088	0.0103	0.0133	0.0683	0.0502	0.017	0.0127	0.0148	0.0165	0.0052	0.0142	0.0113	0.0096	0.0162	0.0054	0.006	0.0107	0.0102	0.0129	0.0084	0.0113	0.0099	0.0088	0.0054	0.0022	0.0029	0.0115	0.0054	0.0036	0.0059	0.0015	0.0056	0.0046
SGB21159	GGB4683 SGB21159	0.0225	4655	4.4498	98600	0.0732	0.0052	0.5289	0.0115	0.0011	0.0153	0.0	0.0	0.9814	0.0051	0.0732	0.0705	0.016	0.0241	0.009	0.0084	0.0205	0.0159	0.0115	0.0071	0.018	0.0174	0.0113	0.0088	0.0073	0.0128	0.0214	0.0159	0.0088	0.0155	0.0127	0.0255	0.0	0.0	0.0148	0.0047	0.0084	0.0	0.0133	0.0127	0.0719	0.0279	0.0276	0.0147	0.0048	0.0256	0.0149	0.0123	0.0207	0.0155	0.0053	0.0058	0.0027	0.0027	0.0084	0.0172	0.0099	0.0205	0.0078	0.0193	0.0114	0.0211	0.0168	0.0	0.0137	0.0052	0.0057	0.0085	0.0126	0.0162
SGB6177	Clostridium sp K13	0.0224	2499	4.2936	51500	0.0994	0.006	0.4089	0.0065	0.0014	0.014	0.0	0.0	0.9255	0.0061	0.1242	0.0115	0.0625	0.0088	0.0	0.0241	0.0087	0.0153	0.0	0.0	0.0	0.0183	0.0248	0.0081	0.0	0.0078	0.04	0.0202	0.0	0.0088	0.0094	0.0	0.0174	0.0085	0.0092	0.0093	0.0	0.0	0.0225	0.0	0.0918	0.0691	0.03	0.0376	0.0138	0.0351	0.0047	0.0042	0.0215	0.0045	0.0049	0.0044	0.0	0.0	0.0	0.0	0.0046	0.0	0.0274	0.0042	0.0	0.0	0.0	0.0	0.0078	0.0044	0.0133	0.0	0.0049	0.0044
SGB15053	Dysosmobacter segnis	0.0219	6847	3.1434	144700	0.0694	0.0032	0.427	0.0093	0.0007	0.014	0.0	0.0	0.9969	0.0032	0.0602	0.0581	0.0366	0.0173	0.0283	0.0189	0.0092	0.0219	0.0155	0.0189	0.0148	0.0074	0.008	0.0133	0.0099	0.004	0.0213	0.0139	0.017	0.0115	0.0071	0.008	0.005	0.0074	0.0118	0.0087	0.003	0.006	0.0099	0.0073	0.0762	0.0436	0.0124	0.014	0.0069	0.0165	0.0077	0.0075	0.0138	0.0096	0.0114	0.0088	0.0064	0.01	0.0114	0.0088	0.0085	0.0092	0.0054	0.0072	0.0106	0.0085	0.0054	0.0054	0.0065	0.0035	0.0097	0.0076	0.0101	0.0039
SGB8056	Streptococcus rubneri	0.0212	8087	2.6188	178050	0.0974	0.0048	0.3891	0.0065	0.0011	0.0143	0.0	0.0	0.9996	0.0049	0.1025	0.0851	0.0333	0.0224	0.016	0.0114	0.0123	0.0116	0.0164	0.0051	0.0073	0.0081	0.0108	0.0077	0.0056	0.0085	0.0064	0.0091	0.0074	0.0062	0.0026	0.0129	0.0037	0.0038	0.0076	0.0013	0.0088	0.005	0.0049	0.0097	0.0783	0.0807	0.0282	0.0267	0.009	0.0119	0.0162	0.0055	0.0047	0.0097	0.0084	0.0046	0.0078	0.0086	0.0071	0.0103	0.0077	0.0082	0.0093	0.0052	0.0045	0.0054	0.0022	0.0056	0.0077	0.0069	0.0044	0.0052	0.0106	0.0036
SGB97208	Streptococcus sp A12	0.0205	8607	2.5828	179550	0.0773	0.0049	0.3371	0.0114	0.0012	0.0179	0.0	0.0	0.9994	0.0052	0.0735	0.0679	0.0295	0.0283	0.0263	0.0107	0.0187	0.0196	0.0164	0.0165	0.0147	0.0147	0.014	0.0166	0.0135	0.0201	0.0242	0.0192	0.0142	0.0219	0.0162	0.0055	0.0086	0.0147	0.0185	0.0046	0.0112	0.0187	0.0151	0.0036	0.066	0.0803	0.0348	0.0266	0.0237	0.0159	0.0139	0.0106	0.0134	0.0109	0.0101	0.0041	0.0119	0.0163	0.0099	0.0152	0.0072	0.0066	0.0122	0.0169	0.0083	0.01	0.0092	0.0069	0.0031	0.0112	0.0045	0.0087	0.0069	0.0055
SGB19692	GGB12695 SGB19692	0.0204	5952	2.8082	125950	0.0679	0.0026	0.4251	0.0086	0.0006	0.0133	0.0	0.0	0.993	0.0026	0.0616	0.0373	0.019	0.0159	0.0202	0.0174	0.013	0.0134	0.008	0.0039	0.0115	0.0129	0.0122	0.0119	0.0116	0.0156	0.0054	0.0057	0.0104	0.0054	0.0083	0.0126	0.0145	0.0097	0.0083	0.0145	0.0042	0.0083	0.0077	0.007	0.073	0.056	0.0279	0.0203	0.0124	0.013	0.0125	0.006	0.0086	0.0149	0.0079	0.0108	0.0175	0.0052	0.0027	0.011	0.0065	0.014	0.0013	0.0098	0.0069	0.0037	0.0092	0.0068	0.0055	0.0064	0.0041	0.0064	0.0068	0.0027
SGB58155	Haemophilus parainfluenzae	0.0202	7476	2.535	161900	0.0643	0.0036	0.2724	0.0123	0.001	0.0187	0.0	0.0	0.9983	0.004	0.0724	0.0573	0.04	0.0309	0.0426	0.0154	0.0096	0.0208	0.0179	0.017	0.0183	0.0222	0.0105	0.0074	0.0179	0.0151	0.0171	0.0093	0.0116	0.0142	0.0104	0.009	0.0156	0.0087	0.0199	0.014	0.0224	0.0075	0.0143	0.0113	0.0582	0.0498	0.0262	0.0295	0.0391	0.0219	0.0164	0.0228	0.0131	0.0154	0.0098	0.0114	0.0149	0.0106	0.0133	0.0134	0.0125	0.0186	0.0098	0.0097	0.0097	0.0085	0.0121	0.0061	0.0133	0.0174	0.0095	0.0138	0.0097	0.0108
SGB163322	Glaciimonas sp CA11 2	0.0201	22071	2.892	484650	0.0328	0.0014	0.3915	0.0044	0.0003	0.0069	0.0	0.0	1.0	0.0014	0.0337	0.0231	0.0142	0.0092	0.0102	0.0066	0.0067	0.0059	0.007	0.0083	0.0058	0.0029	0.0069	0.0049	0.0066	0.0061	0.0065	0.0048	0.0051	0.0058	0.0048	0.0047	0.0057	0.0023	0.0012	0.0023	0.0031	0.0039	0.0064	0.0024	0.0316	0.024	0.0107	0.0126	0.006	0.0059	0.0076	0.0057	0.0067	0.0042	0.0052	0.006	0.0066	0.0028	0.007	0.0058	0.0044	0.0042	0.0031	0.0046	0.0025	0.0034	0.0046	0.0039	0.0017	0.0026	0.0007	0.0057	0.0025	0.0032
SGB7902	Carnobacterium maltaromaticum	0.0197	9111	2.3894	211800	0.0814	0.0038	0.4027	0.01	0.0009	0.0159	0.0	0.0	0.9999	0.0039	0.0978	0.0617	0.0242	0.0123	0.0273	0.0172	0.0152	0.0285	0.0171	0.0104	0.0192	0.0068	0.0123	0.0116	0.0148	0.0096	0.0133	0.0114	0.0152	0.0145	0.0126	0.0079	0.0097	0.0117	0.0051	0.0078	0.0097	0.0178	0.01	0.0108	0.0644	0.0643	0.0319	0.02	0.0241	0.0124	0.014	0.0071	0.0075	0.0058	0.0087	0.0066	0.0183	0.0071	0.0118	0.0091	0.01	0.0086	0.0115	0.0095	0.0103	0.0152	0.0048	0.0062	0.0078	0.0058	0.0133	0.0024	0.0024	0.0099
SGB5062	GGB115571 SGB5062	0.0194	7692	2.7567	180900	0.0856	0.005	0.3804	0.0086	0.0012	0.0154	0.0	0.0	0.9995	0.0051	0.0804	0.0688	0.0446	0.0256	0.0258	0.0152	0.0132	0.0056	0.0099	0.0133	0.0173	0.004	0.0139	0.0136	0.0096	0.0071	0.0027	0.0157	0.0165	0.0192	0.0028	0.011	0.0105	0.0043	0.0107	0.0116	0.0086	0.0109	0.0067	0.0081	0.0769	0.0791	0.0246	0.01	0.0205	0.0172	0.0097	0.006	0.0053	0.0134	0.0145	0.0079	0.0081	0.0072	0.0042	0.0069	0.007	0.0077	0.0092	0.0111	0.005	0.0108	0.0097	0.0083	0.0082	0.0072	0.0046	0.0071	0.0146	0.0072
SGB6077	Zhenhengia yiwuensis	0.0193	8333	3.6599	198250	0.0723	0.0061	0.2908	0.0114	0.0016	0.0184	0.0	0.0	0.9997	0.0066	0.0698	0.0657	0.0266	0.0408	0.0249	0.0163	0.0176	0.0226	0.0184	0.0165	0.0177	0.015	0.0148	0.0176	0.0204	0.0132	0.0237	0.0085	0.0089	0.0153	0.0174	0.0086	0.0096	0.0061	0.0114	0.0093	0.0074	0.013	0.0016	0.0093	0.064	0.0829	0.0246	0.0229	0.0162	0.0378	0.0106	0.019	0.0246	0.0176	0.0147	0.0152	0.0117	0.0196	0.0158	0.0064	0.0136	0.0049	0.0153	0.0115	0.018	0.0101	0.0083	0.0094	0.0068	0.0058	0.0061	0.0057	0.0047	0.0133
SGB5090	Anthropogastromicrobium aceti	0.0192	7347	3.4455	177700	0.0817	0.0061	0.3527	0.0108	0.0015	0.0175	0.0	0.0	0.9994	0.0064	0.0833	0.0848	0.0314	0.0228	0.0315	0.0184	0.009	0.0212	0.0079	0.0199	0.0078	0.0132	0.0114	0.013	0.0121	0.0152	0.0138	0.0193	0.02	0.0124	0.0047	0.0156	0.0158	0.0134	0.0062	0.0159	0.009	0.0127	0.0076	0.0072	0.0682	0.0759	0.0241	0.0159	0.0248	0.0224	0.0107	0.0255	0.0171	0.0152	0.0178	0.0155	0.0054	0.0098	0.015	0.0157	0.0161	0.0071	0.0086	0.0145	0.0145	0.003	0.0078	0.0	0.0089	0.0033	0.0062	0.0057	0.0088	0.0072
SGB177664	Pseudomonas sp AB6	0.0191	17254	2.7972	365900	0.03	0.0019	0.4241	0.0066	0.0004	0.0084	0.0	0.0	1.0	0.0019	0.0301	0.0216	0.0081	0.009	0.0079	0.0121	0.0123	0.0097	0.0071	0.0129	0.0077	0.0065	0.0071	0.0114	0.0124	0.0063	0.0077	0.0082	0.0059	0.0075	0.0102	0.0074	0.0077	0.0078	0.0037	0.0078	0.0059	0.0066	0.0056	0.0019	0.0286	0.0265	0.0089	0.0129	0.0097	0.0076	0.008	0.0059	0.0083	0.0064	0.0069	0.0049	0.0084	0.0068	0.0053	0.0057	0.0073	0.0052	0.0057	0.0046	0.0043	0.0056	0.0042	0.0048	0.0045	0.0026	0.0043	0.0055	0.004	0.0052
SGB204079	Clostridium sp CF012	0.0185	15482	4.6061	268600	0.0765	0.0039	0.469	0.0194	0.0008	0.0235	0.0	0.0	1.0	0.0039	0.0831	0.0549	0.0261	0.0215	0.0314	0.0173	0.0309	0.0169	0.0169	0.0204	0.0264	0.0082	0.0199	0.0312	0.0238	0.0233	0.0351	0.0139	0.0276	0.0207	0.019	0.0176	0.0317	0.0116	0.0316	0.0167	0.0252	0.0133	0.0304	0.0201	0.0684	0.0575	0.0299	0.0281	0.0309	0.016	0.0187	0.023	0.0239	0.0156	0.018	0.0224	0.0225	0.015	0.0293	0.0148	0.0138	0.0194	0.0154	0.017	0.0158	0.0111	0.0147	0.0159	0.0144	0.0197	0.0181	0.0125	0.022	0.0174
SGB6194	Clostridium baratii	0.018	8155	3.3798	173950	0.0698	0.0055	0.3936	0.0127	0.0013	0.0175	0.0	0.0	0.9991	0.0056	0.0713	0.0346	0.0307	0.0489	0.0342	0.0096	0.0105	0.0206	0.0303	0.0228	0.0179	0.0138	0.0207	0.0449	0.0132	0.0082	0.0043	0.0104	0.0038	0.0112	0.0085	0.0121	0.0089	0.0164	0.0178	0.0329	0.0261	0.0119	0.0042	0.0021	0.0788	0.0321	0.0402	0.0155	0.0282	0.0133	0.0129	0.0207	0.009	0.0123	0.0273	0.0086	0.0101	0.0116	0.0095	0.005	0.0146	0.0148	0.0126	0.0041	0.0162	0.0116	0.0091	0.016	0.0089	0.0096	0.0053	0.0047	0.0108	0.008
SGB6973	Anaerovibrio lipolyticus	0.0178	6275	2.0982	163950	0.0808	0.0033	0.5012	0.0105	0.0007	0.0152	0.0	0.0	0.9989	0.0032	0.0815	0.0551	0.0374	0.0237	0.0236	0.0165	0.0187	0.0077	0.0033	0.0155	0.0324	0.0169	0.0204	0.0185	0.0203	0.0157	0.0097	0.0174	0.0172	0.0216	0.0148	0.0094	0.0121	0.0087	0.0151	0.0103	0.0085	0.0097	0.0142	0.0125	0.0786	0.0456	0.0174	0.0075	0.0155	0.0089	0.0118	0.0105	0.0047	0.0079	0.008	0.0063	0.0048	0.0055	0.0075	0.0103	0.0055	0.0137	0.0058	0.0126	0.0063	0.0081	0.0127	0.0036	0.006	0.0102	0.0061	0.0035	0.008	0.0077
SGB4964	GGB3653 SGB4964	0.0173	6098	3.5033	167400	0.0948	0.0048	0.3538	0.0069	0.0012	0.0152	0.0	0.0	0.9993	0.005	0.0806	0.0786	0.0568	0.0295	0.0192	0.01	0.0112	0.0076	0.0088	0.0189	0.0204	0.0074	0.007	0.0053	0.0074	0.0067	0.0052	0.0056	0.0069	0.0076	0.0097	0.0089	0.007	0.005	0.0115	0.0168	0.0019	0.0085	0.0017	0.0051	0.0934	0.0727	0.0469	0.0238	0.0093	0.0096	0.0049	0.0144	0.0118	0.0098	0.0184	0.0014	0.0104	0.0078	0.0191	0.0012	0.019	0.0095	0.0053	0.0087	0.0052	0.0048	0.0036	0.0028	0.0092	0.0026	0.0063	0.0012	0.0025	0.0051
SGB107809	GGB77866 SGB107809	0.0173	9505	2.5821	247400	0.0063	0.0006	0.7826	0.0021	0.0001	0.0023	0.0001	0.0003	0.9998	0.0006	0.006	0.0045	0.0019	0.0018	0.0046	0.0026	0.0019	0.0056	0.0025	0.0019	0.0057	0.0019	0.0031	0.0025	0.0024	0.0012	0.0037	0.0012	0.0031	0.0	0.0038	0.0006	0.0012	0.0019	0.0019	0.0032	0.0046	0.0018	0.002	0.0039	0.0066	0.0023	0.0013	0.0019	0.0007	0.0027	0.0026	0.0012	0.002	0.0019	0.0006	0.0013	0.0012	0.0051	0.0018	0.0036	0.0012	0.002	0.0013	0.0033	0.0006	0.0025	0.0032	0.0019	0.0	0.0006	0.0006	0.0006	0.002	0.0
SGB14314	GGB9347 SGB14314	0.0171	7704	3.023	208100	0.0391	0.0027	0.3777	0.0105	0.0006	0.0131	0.0	0.0	0.9996	0.0028	0.0336	0.0371	0.0116	0.0182	0.0216	0.0155	0.0077	0.0169	0.0131	0.0084	0.0094	0.009	0.0111	0.0194	0.0113	0.0158	0.0093	0.0118	0.0115	0.0073	0.0142	0.0156	0.0104	0.0053	0.0177	0.0091	0.0191	0.0055	0.0099	0.0135	0.0404	0.0332	0.0219	0.0132	0.0079	0.0156	0.0184	0.0123	0.0061	0.0071	0.0076	0.0064	0.0125	0.0129	0.0077	0.012	0.0145	0.0102	0.0077	0.0183	0.0162	0.0089	0.0042	0.009	0.0046	0.0058	0.0065	0.0133	0.0097	0.0044
SGB23809	Calidifontibacter indicus	0.0165	12973	2.7503	322100	0.0079	0.0016	0.2567	0.0043	0.0005	0.0048	0.0004	0.0008	1.0	0.0018	0.0036	0.0141	0.0077	0.0061	0.0045	0.0045	0.0027	0.0053	0.0046	0.0034	0.0027	0.0021	0.0055	0.0035	0.0031	0.0029	0.0056	0.0074	0.0052	0.0052	0.0022	0.0029	0.0034	0.0043	0.0034	0.0034	0.0039	0.0053	0.0062	0.0036	0.0029	0.0149	0.0054	0.0047	0.0039	0.0042	0.0029	0.0052	0.004	0.0041	0.0049	0.0032	0.005	0.0056	0.0057	0.0048	0.0058	0.0044	0.0059	0.0031	0.0051	0.0058	0.0049	0.0046	0.0035	0.0053	0.0053	0.0059	0.0049	0.0041
SGB1677	Bacteroidaceae bacterium AM72 11pH9A	0.0162	6140	2.1209	172800	0.0655	0.0036	0.3524	0.0085	0.0009	0.0138	0.0	0.0	0.9989	0.0037	0.0605	0.079	0.0278	0.0233	0.0166	0.01	0.0104	0.017	0.0104	0.0083	0.0151	0.0121	0.0149	0.0168	0.0048	0.0144	0.0116	0.0108	0.0098	0.0096	0.0103	0.0138	0.0072	0.0026	0.0109	0.0071	0.0117	0.0039	0.0063	0.0085	0.0598	0.0416	0.0264	0.0199	0.0182	0.0145	0.0116	0.0106	0.0062	0.0013	0.0082	0.0103	0.0085	0.0061	0.0134	0.0166	0.0085	0.0078	0.0013	0.0075	0.0066	0.005	0.0095	0.0065	0.0078	0.0036	0.004	0.0053	0.0118	0.0086
SGB29097	Clostridium hominis	0.0154	5798	3.4867	156200	0.0609	0.0033	0.5311	0.0099	0.0007	0.0131	0.0	0.0	0.9978	0.0032	0.0631	0.0448	0.0197	0.0106	0.0066	0.0105	0.0069	0.0114	0.0227	0.0059	0.0164	0.0098	0.0099	0.0033	0.0145	0.0162	0.0082	0.0067	0.0091	0.01	0.0069	0.009	0.0166	0.0068	0.0246	0.0185	0.0058	0.0066	0.0164	0.0089	0.0589	0.0324	0.0176	0.0166	0.0183	0.0081	0.012	0.0062	0.0034	0.0063	0.0081	0.0095	0.0162	0.0073	0.0093	0.0096	0.01	0.0144	0.005	0.0208	0.0098	0.0128	0.0065	0.0019	0.0033	0.0088	0.0059	0.005	0.0195	0.0092
SGB195203	Flavobacterium azizsancarii	0.0154	10531	2.6416	264400	0.0953	0.0027	0.4134	0.0085	0.0006	0.0155	0.0	0.0	1.0	0.0027	0.0752	0.0607	0.0449	0.019	0.0244	0.0204	0.0063	0.0178	0.0064	0.0118	0.0097	0.0113	0.0073	0.0098	0.0053	0.0123	0.0059	0.0011	0.0081	0.0158	0.0073	0.0136	0.0051	0.005	0.0122	0.0092	0.009	0.0025	0.0025	0.0038	0.1126	0.0648	0.0267	0.0292	0.0212	0.0048	0.0109	0.0046	0.012	0.0131	0.0073	0.0142	0.0097	0.0143	0.01	0.0044	0.0075	0.0163	0.0083	0.0151	0.0092	0.0115	0.0085	0.0056	0.0065	0.0053	0.0071	0.0044	0.0086	0.0079
SGB20619	GGB13361 SGB20619	0.0152	3906	1.9481	118350	0.0841	0.0064	0.4113	0.01	0.0014	0.016	0.0	0.0	0.993	0.0064	0.0728	0.0842	0.0071	0.0337	0.0194	0.0234	0.007	0.0193	0.0187	0.0144	0.0043	0.0127	0.0096	0.02	0.0215	0.0095	0.0069	0.0077	0.0111	0.0113	0.0126	0.0024	0.0065	0.0044	0.019	0.0129	0.0024	0.0023	0.0088	0.0051	0.087	0.0612	0.0216	0.0198	0.0205	0.0147	0.0147	0.0101	0.0152	0.0152	0.0063	0.0099	0.0042	0.0119	0.0072	0.0047	0.016	0.0153	0.0107	0.0064	0.02	0.0126	0.0042	0.0022	0.0128	0.0085	0.0047	0.0186	0.0062	0.0062
SGB4948	GGB13283 SGB4948	0.0141	1084	6.1007	12050	0.0932	0.016	0.2788	0.0089	0.0044	0.019	0.0	0.0	0.6871	0.0175	0.0887	0.1348	0.0789	0.0286	0.0649	0.033	0.0	0.0	0.0513	0.0104	0.0111	0.023	0.0095	0.0206	0.0	0.0	0.0	0.0316	0.0227	0.0357	0.0	0.0	0.0213	0.0222	0.0	0.0488	0.0095	0.0595	0.0	0.0	0.0292	0.1385	0.0513	0.0123	0.0081	0.0	0.0	0.0163	0.0069	0.0069	0.0135	0.0078	0.0	0.0229	0.0217	0.0	0.0	0.0079	0.0	0.0136	0.0068	0.0	0.0	0.0133	0.0077	0.0227	0.0	0.0077	0.0	0.0
SGB15260	GGB9715 SGB15260	0.0135	5479	2.6641	135900	0.062	0.0035	0.4096	0.0095	0.0008	0.0138	0.0	0.0	0.9948	0.0036	0.0498	0.0637	0.0179	0.0186	0.0227	0.0098	0.0193	0.0135	0.0161	0.012	0.0053	0.0119	0.0069	0.0109	0.0162	0.0074	0.0043	0.0105	0.0092	0.0178	0.0129	0.0096	0.0101	0.013	0.009	0.0077	0.0119	0.0092	0.0068	0.0077	0.0672	0.0407	0.0217	0.0171	0.0103	0.0068	0.0155	0.009	0.0081	0.0047	0.0164	0.0153	0.0107	0.0068	0.0057	0.0079	0.0072	0.0126	0.0069	0.0089	0.0061	0.01	0.0081	0.0137	0.0069	0.0054	0.0117	0.005	0.0107	0.0069
SGB2212	GGB1615 SGB2212	0.0135	5766	1.7236	197250	0.0764	0.0034	0.4364	0.0107	0.0007	0.0157	0.0	0.0	0.9997	0.0034	0.08	0.0475	0.0284	0.0303	0.0184	0.0202	0.011	0.0133	0.0217	0.0164	0.0228	0.0119	0.0208	0.0169	0.0031	0.0058	0.0097	0.0146	0.0101	0.01	0.0085	0.0103	0.009	0.0104	0.0201	0.0177	0.0119	0.0139	0.0104	0.008	0.0685	0.0601	0.0307	0.0117	0.0063	0.0121	0.0078	0.0169	0.0071	0.0074	0.0064	0.0123	0.015	0.0026	0.0109	0.0109	0.0146	0.0027	0.0053	0.0142	0.0098	0.01	0.0026	0.0125	0.0078	0.0074	0.0108	0.0211	0.0038	0.0077
SGB20192	GGB13020 SGB20192	0.0133	6472	1.8489	215900	0.0591	0.0044	0.3511	0.0134	0.0011	0.0177	0.0	0.0	0.9998	0.0046	0.0581	0.0501	0.0238	0.0276	0.0206	0.0179	0.0164	0.018	0.0162	0.0086	0.022	0.0248	0.0081	0.0149	0.0136	0.0175	0.0173	0.0132	0.0105	0.0204	0.0078	0.0086	0.0271	0.0304	0.0177	0.0185	0.0094	0.0146	0.0058	0.0245	0.0534	0.0574	0.0228	0.0218	0.0281	0.0174	0.0098	0.0138	0.0199	0.0162	0.0121	0.0234	0.0096	0.0207	0.0076	0.0079	0.0137	0.0143	0.0109	0.0041	0.0089	0.0076	0.0117	0.0086	0.0099	0.0109	0.0091	0.0073	0.0094	0.0108
SGB4872	Faecalicatena SGB4872	0.013	4693	2.9886	168300	0.0583	0.0034	0.5055	0.0063	0.0007	0.0097	0.0	0.0	0.9986	0.0033	0.0583	0.0435	0.0094	0.0129	0.0306	0.0168	0.0039	0.0119	0.002	0.002	0.0041	0.0021	0.0178	0.002	0.0064	0.0088	0.018	0.0081	0.0045	0.0088	0.0043	0.0065	0.0126	0.0019	0.0063	0.0087	0.0023	0.0	0.0085	0.002	0.0565	0.0335	0.012	0.0079	0.0081	0.0071	0.004	0.0065	0.0057	0.0065	0.003	0.005	0.0047	0.0016	0.0062	0.0047	0.0058	0.0048	0.005	0.0031	0.0162	0.0061	0.0016	0.0062	0.01	0.0081	0.0087	0.0062	0.0046	0.0072
SGB1333	GGB1035 SGB1333	0.0126	9072	4.3622	151500	0.0694	0.0045	0.2961	0.0103	0.0012	0.017	0.0	0.0	0.9978	0.0049	0.0679	0.0661	0.0261	0.0141	0.0162	0.0105	0.0069	0.0055	0.0122	0.0055	0.0069	0.0045	0.0076	0.0076	0.0112	0.0076	0.0217	0.0064	0.0119	0.0131	0.0129	0.0209	0.0059	0.0082	0.0031	0.0009	0.0097	0.0028	0.0035	0.0064	0.0556	0.0607	0.0668	0.0299	0.0278	0.0234	0.025	0.0191	0.0171	0.0115	0.0167	0.0158	0.0048	0.0132	0.0089	0.0183	0.0118	0.0115	0.0089	0.0155	0.0189	0.0104	0.0087	0.0046	0.0017	0.0113	0.0216	0.0182	0.0182	0.0242
SGB1680	Leyella stercorea	0.0124	5167	1.7066	189900	0.0728	0.0033	0.4903	0.0096	0.0007	0.0139	0.0	0.0	0.9996	0.0033	0.0714	0.0493	0.027	0.014	0.0139	0.0203	0.0116	0.0122	0.0106	0.0127	0.0106	0.0059	0.0139	0.0068	0.0128	0.0182	0.0136	0.0228	0.0132	0.0151	0.0118	0.0084	0.008	0.0085	0.0054	0.0198	0.009	0.0086	0.0026	0.0089	0.0713	0.045	0.0182	0.014	0.017	0.0057	0.0074	0.0082	0.0188	0.0059	0.0091	0.006	0.0057	0.0119	0.0071	0.0133	0.0065	0.0101	0.0102	0.0043	0.003	0.0042	0.0099	0.0148	0.0046	0.0109	0.0043	0.0062	0.0041	0.0069
SGB109585	Clostridium bowmanii	0.0122	13562	2.7361	290300	0.0586	0.0034	0.3083	0.0198	0.0009	0.024	0.0	0.0	1.0	0.0037	0.0643	0.0542	0.037	0.0342	0.0406	0.0364	0.031	0.0322	0.0191	0.0181	0.0159	0.0251	0.0178	0.0196	0.0199	0.0241	0.023	0.0248	0.0249	0.036	0.033	0.0289	0.016	0.0147	0.0226	0.0405	0.0212	0.0315	0.0309	0.0198	0.06	0.0352	0.0275	0.0423	0.0244	0.0287	0.0225	0.018	0.0179	0.0154	0.0186	0.0198	0.0172	0.0214	0.0186	0.0118	0.0157	0.0152	0.0124	0.0202	0.0208	0.0229	0.0188	0.0153	0.0124	0.0147	0.0206	0.014	0.0157	0.0199
SGB21856	Pedobacter cryoconitis	0.0121	11698	1.6723	393150	0.08	0.0028	0.3753	0.0071	0.0006	0.0136	0.0	0.0	1.0	0.0028	0.078	0.0746	0.029	0.0251	0.0238	0.0161	0.0095	0.0081	0.0062	0.0188	0.0085	0.0071	0.0129	0.0121	0.0091	0.0102	0.0119	0.0087	0.0102	0.004	0.0076	0.0103	0.007	0.001	0.0093	0.0065	0.0062	0.0057	0.0041	0.0041	0.0787	0.0465	0.0301	0.0196	0.0146	0.0174	0.0141	0.0061	0.0141	0.0074	0.008	0.0119	0.0067	0.01	0.0083	0.0118	0.0064	0.0037	0.0037	0.0057	0.0058	0.0027	0.0016	0.0019	0.0078	0.0069	0.0038	0.0075	0.0075	0.0047
SGB4373	GGB3306 SGB4373	0.0116	4151	2.0014	164600	0.0634	0.0055	0.377	0.012	0.0013	0.0165	0.0	0.0	0.9985	0.0057	0.0471	0.0681	0.021	0.019	0.0263	0.0024	0.0142	0.018	0.01	0.0158	0.0197	0.0161	0.0066	0.0093	0.0095	0.0191	0.0153	0.0118	0.0135	0.0104	0.0069	0.0169	0.0146	0.0222	0.0172	0.0142	0.0151	0.0114	0.0129	0.005	0.0653	0.063	0.0218	0.0218	0.0098	0.02	0.0083	0.0253	0.0206	0.0141	0.008	0.0166	0.0142	0.0081	0.0227	0.0117	0.0062	0.0022	0.0186	0.0079	0.0124	0.002	0.0078	0.0088	0.0098	0.0062	0.0066	0.0126	0.0222	0.0106
SGB4913	Waltera SGB4913	0.0114	4576	1.4746	182750	0.0935	0.0068	0.3865	0.0091	0.0016	0.0164	0.0	0.0	0.9996	0.0069	0.089	0.1059	0.0242	0.0325	0.0287	0.0048	0.0046	0.0102	0.0117	0.0233	0.0177	0.0044	0.0111	0.0182	0.0092	0.0101	0.0138	0.0157	0.0128	0.0085	0.009	0.0041	0.0155	0.0145	0.0104	0.0089	0.0109	0.013	0.0209	0.0216	0.0782	0.0762	0.0319	0.0159	0.0192	0.0141	0.011	0.0081	0.0067	0.013	0.0063	0.0	0.0045	0.0076	0.0051	0.0046	0.0079	0.0128	0.0077	0.0015	0.0016	0.0231	0.0045	0.0047	0.0122	0.0134	0.0112	0.0065	0.0076	0.0083
SGB19436	GGB12503 SGB19436	0.0113	4329	1.7436	156100	0.0719	0.0044	0.3796	0.0144	0.001	0.0195	0.0	0.0	0.9981	0.0045	0.0702	0.0483	0.0432	0.0173	0.0279	0.0258	0.0223	0.0362	0.023	0.0107	0.0191	0.0183	0.0179	0.0192	0.0157	0.036	0.013	0.013	0.014	0.016	0.007	0.0134	0.0021	0.0049	0.0045	0.0362	0.009	0.0105	0.0141	0.0244	0.0673	0.0609	0.0467	0.0215	0.0065	0.0071	0.0102	0.0102	0.0151	0.0173	0.0116	0.0269	0.0212	0.0131	0.0206	0.0041	0.008	0.0211	0.0141	0.006	0.0107	0.0134	0.0128	0.0191	0.0244	0.006	0.0066	0.0204	0.0098	0.0086
SGB108139	GGB77967 SGB108139	0.0108	8521	1.5509	347450	0.0348	0.0028	0.3618	0.0056	0.0007	0.0083	0.0	0.0	1.0	0.0029	0.0321	0.0361	0.0184	0.0068	0.0076	0.0127	0.0073	0.01	0.0077	0.0087	0.0078	0.0043	0.005	0.0079	0.0057	0.0075	0.0127	0.0067	0.0036	0.0096	0.009	0.0063	0.0036	0.0035	0.004	0.0056	0.0072	0.0028	0.0066	0.0057	0.0291	0.0338	0.0129	0.0056	0.0087	0.0086	0.0046	0.0086	0.0053	0.006	0.0046	0.0055	0.0053	0.006	0.0092	0.0085	0.0046	0.003	0.0023	0.0052	0.0031	0.0029	0.0058	0.0045	0.0062	0.0035	0.006	0.0045	0.0031	0.0038
SGB4350	GGB3294 SGB4350	0.0105	3773	1.3506	161950	0.0877	0.0042	0.491	0.0129	0.0009	0.018	0.0	0.0	0.9989	0.0041	0.0725	0.0635	0.0336	0.0248	0.0158	0.0114	0.0085	0.0226	0.0077	0.0195	0.0102	0.0112	0.0108	0.0054	0.0233	0.0211	0.0186	0.0134	0.0072	0.0272	0.016	0.013	0.0159	0.0159	0.0206	0.016	0.0237	0.0107	0.0107	0.0	0.0991	0.0487	0.0329	0.0102	0.0195	0.0122	0.0216	0.0112	0.0133	0.0221	0.0084	0.0158	0.0043	0.0199	0.0202	0.011	0.0038	0.0134	0.0188	0.0087	0.0092	0.0121	0.008	0.0196	0.0044	0.0208	0.0096	0.0048	0.0021	0.0106
SGB12110	Pseudomonas psychrophila	0.0101	3192	1.2694	142100	0.0421	0.003	0.3119	0.0042	0.0008	0.0082	0.0	0.0	0.9937	0.0032	0.0388	0.0227	0.0343	0.012	0.0144	0.014	0.0047	0.0046	0.0181	0.0045	0.0139	0.0026	0.0065	0.0067	0.0	0.0086	0.0042	0.0022	0.0	0.0102	0.0065	0.0023	0.0068	0.0047	0.0086	0.0091	0.0069	0.0	0.0022	0.0026	0.0383	0.0533	0.0089	0.0043	0.0205	0.0	0.0121	0.0075	0.0042	0.0	0.0041	0.0044	0.0042	0.0	0.0068	0.0041	0.0	0.0	0.0047	0.0042	0.0085	0.0066	0.0064	0.002	0.0	0.0	0.0019	0.0066	0.0063	0.0021
SGB4963	Roseburia zhanii	0.0099	4620	1.4496	211700	0.0942	0.0039	0.4213	0.0083	0.0009	0.0151	0.0	0.0	0.9999	0.0039	0.0733	0.0548	0.0307	0.033	0.0296	0.0108	0.0104	0.0149	0.0051	0.0166	0.0195	0.0048	0.0051	0.024	0.0	0.0129	0.0071	0.0	0.0089	0.0102	0.01	0.0113	0.0	0.005	0.0121	0.0028	0.0052	0.0052	0.0071	0.005	0.1057	0.0753	0.0243	0.0222	0.0142	0.0128	0.0112	0.0049	0.015	0.015	0.0107	0.0103	0.0055	0.0053	0.0062	0.0087	0.0053	0.0118	0.0114	0.0073	0.0089	0.0033	0.0157	0.0134	0.0146	0.0055	0.0019	0.0	0.0092	0.0113
SGB1673	Leyella stercorea	0.0099	3873	1.636	145150	0.061	0.004	0.4015	0.0103	0.0009	0.0145	0.0	0.0	0.9963	0.004	0.0562	0.0579	0.0315	0.0202	0.0166	0.0186	0.0167	0.0253	0.0134	0.0137	0.0082	0.0058	0.0126	0.0178	0.0105	0.0128	0.014	0.0061	0.0122	0.0164	0.0112	0.0104	0.0078	0.0044	0.0126	0.0161	0.0123	0.0093	0.008	0.0099	0.0595	0.0448	0.011	0.0171	0.0125	0.0107	0.008	0.006	0.0198	0.0046	0.0204	0.0059	0.0145	0.016	0.0159	0.0023	0.023	0.0129	0.0101	0.0043	0.0085	0.0097	0.0044	0.0062	0.0093	0.0044	0.0022	0.0022	0.0063	0.0085
SGB7609	Sporosarcina psychrophila	0.0097	4845	1.4652	221400	0.0527	0.0044	0.31	0.0088	0.0011	0.0135	0.0	0.0	0.9998	0.0047	0.0453	0.0596	0.029	0.0177	0.0286	0.0137	0.0063	0.0123	0.0047	0.0147	0.0089	0.0162	0.011	0.0025	0.0154	0.0086	0.0164	0.0168	0.0095	0.0128	0.0022	0.009	0.0118	0.0023	0.0024	0.0	0.0025	0.0064	0.0025	0.0023	0.05	0.0463	0.0245	0.0102	0.0168	0.0252	0.0075	0.0108	0.0159	0.0106	0.0071	0.0196	0.0051	0.0157	0.0094	0.009	0.0177	0.0114	0.0053	0.0067	0.021	0.0091	0.0056	0.0095	0.0146	0.0123	0.0058	0.0049	0.0073	0.004
SGB89060	Pseudomonas kulmbachensis	0.0095	4157	1.1903	198250	0.0536	0.0029	0.4529	0.0062	0.0006	0.0097	0.0	0.0	0.9995	0.0029	0.0654	0.0347	0.0145	0.0139	0.0121	0.0091	0.0108	0.0054	0.0085	0.0105	0.007	0.0072	0.0102	0.0115	0.0051	0.0114	0.0067	0.0072	0.0034	0.0103	0.0049	0.0086	0.0067	0.0033	0.0071	0.0087	0.0037	0.0115	0.0018	0.0	0.043	0.0259	0.0303	0.0108	0.0067	0.0065	0.0142	0.0065	0.011	0.0	0.0016	0.005	0.003	0.0034	0.0103	0.0084	0.0034	0.0051	0.0017	0.0166	0.0	0.0093	0.0017	0.0034	0.0016	0.0132	0.0033	0.0064	0.0017	0.0064
SGB4958	GGB3649 SGB4958	0.0091	4036	1.2402	198600	0.0872	0.004	0.3601	0.0094	0.001	0.0166	0.0	0.0	0.9998	0.0042	0.092	0.0498	0.0444	0.0186	0.026	0.0293	0.0086	0.0225	0.0287	0.0123	0.017	0.0123	0.0078	0.0032	0.0058	0.0181	0.0192	0.0114	0.0092	0.0202	0.0032	0.0106	0.0087	0.0086	0.0031	0.0116	0.0174	0.0169	0.0174	0.0107	0.0812	0.0781	0.0254	0.0326	0.0218	0.0145	0.0187	0.008	0.0109	0.0077	0.0079	0.0043	0.0128	0.0102	0.002	0.0176	0.0111	0.0059	0.0018	0.0175	0.0101	0.009	0.0074	0.004	0.002	0.0097	0.0044	0.0038	0.0039	0.0058
SGB228616	GGB161203 SGB228616	0.009	7440	2.0833	354700	0.057	0.0027	0.4253	0.0071	0.0006	0.011	0.0	0.0	1.0	0.0027	0.0647	0.0326	0.0324	0.0224	0.0164	0.0083	0.0108	0.022	0.0024	0.0109	0.0077	0.0026	0.0069	0.0053	0.0104	0.009	0.0055	0.0144	0.0046	0.0187	0.0	0.0023	0.016	0.0025	0.0144	0.0052	0.0023	0.0075	0.0102	0.0074	0.0546	0.0299	0.0224	0.0091	0.0154	0.0111	0.007	0.0104	0.0075	0.0078	0.0109	0.0128	0.0134	0.006	0.0045	0.0039	0.0065	0.0017	0.0128	0.0073	0.0078	0.0065	0.0	0.0067	0.0071	0.0084	0.0018	0.0028	0.0049	0.0018
SGB6778	Catenibacterium mitsuokai	0.0088	2496	1.2346	131900	0.0849	0.0048	0.3636	0.0144	0.0011	0.0209	0.0	0.0	0.996	0.005	0.0881	0.0738	0.0309	0.0323	0.0223	0.0229	0.0166	0.0455	0.0421	0.0282	0.017	0.015	0.0201	0.0265	0.0107	0.006	0.0062	0.0315	0.0106	0.022	0.0048	0.0107	0.0192	0.0275	0.006	0.0253	0.0156	0.0117	0.0203	0.0059	0.0884	0.0398	0.0485	0.0304	0.0357	0.0226	0.0167	0.0088	0.0132	0.0119	0.0083	0.0196	0.0154	0.0124	0.0087	0.008	0.0039	0.0134	0.0046	0.0149	0.0244	0.012	0.008	0.0182	0.0169	0.0133	0.0207	0.0043	0.0044	0.0125
SGB6231	Clostridium culturomicium	0.0087	4076	1.6553	204550	0.0821	0.006	0.3567	0.009	0.0014	0.0158	0.0	0.0	0.9998	0.0062	0.0902	0.0553	0.0498	0.0201	0.0114	0.0491	0.0199	0.016	0.0111	0.0308	0.0162	0.0153	0.0035	0.0241	0.012	0.0099	0.0113	0.0	0.0034	0.0112	0.0036	0.0069	0.0075	0.0	0.0036	0.0194	0.0	0.0101	0.0041	0.0	0.0847	0.0452	0.0253	0.0413	0.012	0.0231	0.0083	0.0114	0.0103	0.0178	0.0069	0.0023	0.0062	0.012	0.0173	0.0109	0.0161	0.0186	0.0083	0.0214	0.0073	0.0021	0.0025	0.0025	0.009	0.0124	0.0026	0.0	0.0024	0.0076
SGB34869	Cryobacterium glucosi	0.0087	3453	1.4886	136600	0.0318	0.0032	0.4916	0.0063	0.0007	0.008	0.0	0.0	0.9904	0.0032	0.0318	0.0386	0.0032	0.0183	0.0049	0.0051	0.0067	0.0046	0.0094	0.0047	0.0062	0.0087	0.0082	0.0111	0.01	0.0049	0.0131	0.0063	0.0046	0.0049	0.0124	0.0063	0.0084	0.0062	0.0034	0.0016	0.0083	0.0079	0.0032	0.0016	0.0279	0.0125	0.0034	0.0102	0.0109	0.0042	0.0049	0.007	0.0053	0.0053	0.0018	0.0079	0.0036	0.0	0.0089	0.0173	0.0037	0.0076	0.0	0.0075	0.0055	0.0098	0.0091	0.0075	0.0056	0.0017	0.0085	0.0	0.0069	0.0056
SGB6170	Clostridium butyricum	0.0087	5069	1.2811	253150	0.09	0.0054	0.5027	0.0146	0.0011	0.0196	0.0	0.0	1.0	0.0053	0.0789	0.0474	0.0272	0.0282	0.0233	0.0192	0.0312	0.0263	0.0267	0.0214	0.0036	0.0179	0.0108	0.0201	0.0124	0.0165	0.0294	0.0185	0.0143	0.0295	0.0179	0.0143	0.011	0.0117	0.0255	0.0283	0.0114	0.0075	0.0399	0.0256	0.0943	0.0638	0.0326	0.0119	0.0174	0.0172	0.0066	0.0162	0.0119	0.0152	0.0069	0.0	0.0208	0.0149	0.0096	0.0147	0.0201	0.0074	0.0133	0.0229	0.0126	0.0125	0.0083	0.0024	0.0101	0.0079	0.0173	0.0063	0.0192	0.0072
SGB1653	Segatella sinica	0.0083	3515	1.0823	186250	0.079	0.0039	0.3338	0.0081	0.001	0.0152	0.0	0.0	0.9995	0.0041	0.0827	0.0535	0.0199	0.0258	0.0153	0.0152	0.0083	0.0087	0.02	0.0196	0.0023	0.0077	0.0145	0.0111	0.0152	0.0105	0.016	0.0071	0.0126	0.0022	0.0077	0.0048	0.0127	0.0072	0.0111	0.0046	0.0024	0.0096	0.0045	0.015	0.0667	0.0745	0.0587	0.0358	0.015	0.0108	0.0108	0.0147	0.0086	0.0172	0.0208	0.0061	0.0095	0.0067	0.0114	0.0094	0.0043	0.0022	0.0089	0.0059	0.0118	0.0065	0.0168	0.0069	0.0043	0.0	0.0049	0.0097	0.002	0.0023
SGB6140	Intestinibacter bartlettii	0.0083	2934	1.8102	162600	0.0869	0.0078	0.3159	0.0124	0.002	0.0202	0.0	0.0	0.999	0.0083	0.1007	0.0645	0.0312	0.0329	0.0288	0.0208	0.0523	0.0	0.0248	0.0064	0.024	0.0357	0.0235	0.0065	0.0127	0.0055	0.038	0.0122	0.017	0.007	0.0185	0.011	0.0062	0.0	0.0066	0.0131	0.0169	0.0174	0.0	0.0127	0.0596	0.1	0.0458	0.0187	0.0381	0.0135	0.012	0.0208	0.0	0.0152	0.0188	0.0172	0.0121	0.0082	0.0157	0.0139	0.004	0.009	0.0258	0.0375	0.0132	0.0143	0.0115	0.0136	0.0075	0.0	0.0	0.0235	0.0	0.0088
SGB1437	GGB1123 SGB1437	0.0083	3189	1.2201	168200	0.0489	0.0042	0.3833	0.0105	0.001	0.0139	0.0	0.0	0.9982	0.0043	0.0496	0.0501	0.0186	0.0199	0.0145	0.0131	0.0022	0.0198	0.0086	0.0183	0.013	0.0183	0.0137	0.0183	0.0066	0.017	0.0252	0.0022	0.0148	0.0158	0.0244	0.0088	0.0045	0.0045	0.0095	0.0175	0.0047	0.0107	0.0065	0.0142	0.049	0.0178	0.0297	0.0174	0.0258	0.0165	0.0044	0.0134	0.01	0.0161	0.0086	0.0042	0.0121	0.0116	0.0046	0.0046	0.0189	0.0132	0.0044	0.0132	0.0122	0.0095	0.0085	0.0023	0.0141	0.0022	0.0064	0.0062	0.0066	0.0045
SGB78252	GGB56805 SGB78252	0.0081	8010	1.4965	344750	0.0189	0.0028	0.0977	0.0122	0.0019	0.0142	0.0106	0.016	1.0	0.004	0.0095	0.0275	0.0363	0.0269	0.0223	0.0263	0.0142	0.0119	0.0139	0.0231	0.0123	0.0188	0.0236	0.0152	0.0231	0.0157	0.0126	0.0131	0.0153	0.0097	0.01	0.0104	0.0201	0.0155	0.0114	0.0176	0.0132	0.027	0.0125	0.0353	0.0166	0.0081	0.0134	0.0142	0.0074	0.0132	0.0228	0.0108	0.0207	0.0148	0.0042	0.0107	0.0058	0.0102	0.0174	0.0122	0.0093	0.01	0.0126	0.0101	0.0094	0.0014	0.0099	0.0098	0.0066	0.0067	0.0079	0.0125	0.011	0.0125
SGB4929	GGB3636 SGB4929	0.0078	2455	1.1174	130200	0.0775	0.004	0.3681	0.0107	0.001	0.0168	0.0	0.0	0.995	0.0041	0.0731	0.0535	0.0392	0.0328	0.0365	0.0047	0.0158	0.0	0.0047	0.0264	0.0088	0.0085	0.0143	0.0	0.0242	0.0258	0.0134	0.0095	0.0144	0.0216	0.0046	0.0105	0.0185	0.0183	0.0099	0.0311	0.0045	0.0135	0.0276	0.0049	0.0777	0.0604	0.0304	0.0241	0.0185	0.026	0.0099	0.017	0.0065	0.0034	0.0037	0.0137	0.0274	0.0151	0.0124	0.0067	0.0067	0.0105	0.0034	0.0064	0.0	0.0182	0.0137	0.0033	0.0125	0.0	0.0132	0.007	0.0	0.0036
SGB21216	GGB13834 SGB21216	0.0077	3875	1.0574	212450	0.0868	0.0062	0.409	0.0121	0.0014	0.0182	0.0	0.0	0.9999	0.0063	0.085	0.0844	0.0232	0.0261	0.0085	0.0159	0.0055	0.0193	0.0157	0.0053	0.0326	0.0191	0.0027	0.0256	0.0083	0.008	0.0233	0.0217	0.0146	0.0104	0.0056	0.0126	0.0162	0.0217	0.0129	0.0157	0.0079	0.0113	0.0115	0.0167	0.0724	0.0663	0.0518	0.0262	0.0052	0.0152	0.0	0.019	0.0071	0.0201	0.0102	0.0187	0.0207	0.0077	0.0167	0.007	0.0172	0.0136	0.0046	0.015	0.01	0.0099	0.0	0.0085	0.0112	0.0141	0.0025	0.019	0.0129	0.0053
SGB1662	Prevotella pectinovora	0.0077	3087	1.1156	175400	0.0503	0.0045	0.4322	0.0113	0.001	0.0143	0.0	0.0	0.9987	0.0045	0.045	0.0491	0.0188	0.0134	0.0169	0.0074	0.0053	0.0026	0.005	0.0138	0.015	0.0186	0.0082	0.0074	0.0202	0.0214	0.0027	0.016	0.0083	0.0025	0.0069	0.0078	0.0073	0.015	0.005	0.015	0.0138	0.0079	0.015	0.0025	0.0505	0.0345	0.0243	0.0045	0.0259	0.0223	0.0172	0.0137	0.0048	0.0117	0.0173	0.0174	0.0171	0.0197	0.0146	0.015	0.0115	0.0171	0.0025	0.0188	0.0096	0.0077	0.011	0.0102	0.0074	0.0069	0.014	0.0179	0.0048	0.0107
SGB72888	GGB9598 SGB72888	0.0076	2858	1.2033	145500	0.0729	0.0053	0.4731	0.0107	0.0011	0.0151	0.0	0.0	0.9971	0.0052	0.078	0.058	0.016	0.0167	0.0337	0.0138	0.0187	0.0175	0.0101	0.0026	0.0082	0.01	0.0233	0.0111	0.0048	0.0113	0.0163	0.0314	0.013	0.0158	0.0083	0.0079	0.0152	0.0119	0.0139	0.0104	0.0152	0.0239	0.0098	0.0028	0.0691	0.0315	0.0212	0.0234	0.0293	0.0148	0.0024	0.0115	0.0047	0.0071	0.0149	0.0027	0.0129	0.0143	0.0233	0.0078	0.0068	0.0145	0.0147	0.0094	0.0	0.0053	0.0078	0.0075	0.0076	0.009	0.0026	0.0051	0.0	0.0026
SGB107930	GGB66190 SGB107930	0.0074	5417	1.1169	326700	0.0265	0.0023	0.3171	0.0049	0.0006	0.0071	0.0	0.0	1.0	0.0025	0.0285	0.042	0.0175	0.0128	0.0087	0.0107	0.0035	0.0065	0.0087	0.0081	0.0081	0.0048	0.0056	0.0046	0.0057	0.0	0.0022	0.0054	0.0011	0.0071	0.0034	0.0057	0.0067	0.0046	0.0092	0.0056	0.0011	0.0035	0.0068	0.0108	0.0188	0.0116	0.0091	0.0035	0.0149	0.0024	0.0046	0.0046	0.0049	0.0118	0.0045	0.0036	0.0011	0.0069	0.0025	0.007	0.0111	0.0044	0.0045	0.0078	0.0059	0.0043	0.0024	0.0023	0.0012	0.0034	0.0024	0.0011	0.011	0.0056
SGB111042	Saccharopolyspora gregorii	0.0072	5293	1.1881	322300	0.0572	0.0044	0.3707	0.0058	0.001	0.0104	0.0	0.0	1.0	0.0046	0.0598	0.0493	0.0224	0.0083	0.008	0.0094	0.0041	0.0019	0.0063	0.0032	0.0143	0.0066	0.0118	0.006	0.011	0.0093	0.0155	0.003	0.0032	0.0039	0.0042	0.0042	0.0058	0.004	0.0053	0.0041	0.0042	0.006	0.002	0.0052	0.0396	0.0631	0.0155	0.0219	0.0173	0.0118	0.0039	0.0046	0.0072	0.0078	0.0093	0.0049	0.006	0.0049	0.0039	0.0039	0.0123	0.0112	0.011	0.0075	0.0066	0.0051	0.0085	0.0066	0.0069	0.0038	0.0021	0.005	0.0066	0.003
SGB144469	GGB100390 SGB144469	0.007	3085	0.9123	197500	0.0854	0.0058	0.4453	0.0075	0.0013	0.0133	0.0	0.0	0.9997	0.0058	0.0736	0.0749	0.0191	0.0219	0.0163	0.0133	0.0099	0.007	0.0081	0.0024	0.0125	0.0075	0.0048	0.0078	0.0051	0.0195	0.0176	0.0156	0.0	0.0023	0.0047	0.0074	0.0045	0.0097	0.0148	0.0096	0.0118	0.0023	0.0024	0.005	0.0844	0.07	0.0097	0.0144	0.0073	0.0153	0.0183	0.0112	0.0045	0.0083	0.0112	0.0049	0.0045	0.0068	0.0095	0.0024	0.0048	0.0076	0.0183	0.0069	0.0068	0.0045	0.0094	0.0152	0.0023	0.0063	0.0025	0.0134	0.0047	0.0049
SGB1657	GGB1239 SGB1657	0.007	3690	1.2349	194000	0.0899	0.0028	0.5402	0.0106	0.0006	0.0155	0.0	0.0	0.9997	0.0028	0.087	0.0496	0.0314	0.0221	0.0213	0.015	0.0183	0.0087	0.0142	0.0072	0.0277	0.0093	0.012	0.0067	0.0101	0.0174	0.0158	0.0171	0.0098	0.0186	0.0183	0.0119	0.0087	0.0201	0.0085	0.0099	0.0141	0.0164	0.0146	0.0112	0.092	0.0478	0.0167	0.0181	0.0131	0.0047	0.0	0.0068	0.0025	0.0194	0.0085	0.0143	0.0115	0.007	0.0117	0.0022	0.0115	0.007	0.0091	0.0106	0.0069	0.0022	0.0088	0.0099	0.0071	0.0044	0.0087	0.0069	0.0	0.0112
SGB25032	Latilactobacillus SGB25032	0.0067	2520	0.9227	158200	0.0867	0.006	0.5093	0.0091	0.0013	0.0141	0.0	0.0	0.9987	0.0059	0.0678	0.0807	0.0129	0.0092	0.0129	0.0184	0.009	0.0037	0.0083	0.0087	0.0076	0.0041	0.0185	0.0202	0.009	0.0129	0.0042	0.0039	0.0134	0.0156	0.0114	0.0	0.004	0.0	0.0235	0.004	0.0051	0.0127	0.0	0.0144	0.0947	0.0556	0.0186	0.0108	0.0037	0.0047	0.0039	0.0189	0.0233	0.0035	0.0074	0.0147	0.0071	0.0071	0.0111	0.0094	0.0289	0.0075	0.0073	0.0168	0.0039	0.0133	0.0106	0.0075	0.0077	0.0112	0.0074	0.0037	0.0112	0.0
SGB81716	Ewingella americana	0.0065	5564	0.8443	339950	0.0842	0.0026	0.4461	0.005	0.0006	0.0109	0.0	0.0	1.0	0.0026	0.0924	0.0522	0.0291	0.0169	0.0069	0.0016	0.0048	0.0104	0.0031	0.0102	0.0099	0.0031	0.0045	0.0091	0.0086	0.0077	0.0099	0.0063	0.0044	0.0014	0.0	0.0046	0.0061	0.0014	0.0048	0.0032	0.0016	0.0031	0.0046	0.0077	0.076	0.0474	0.0333	0.0147	0.0169	0.0071	0.0128	0.0141	0.0043	0.008	0.007	0.0072	0.009	0.0052	0.0112	0.0028	0.0014	0.0056	0.003	0.0081	0.0028	0.007	0.0069	0.0014	0.0	0.0	0.0014	0.0031	0.0028	0.0073
SGB1473	GGB1147 SGB1473	0.0065	3199	0.9255	210600	0.0621	0.0042	0.4146	0.0113	0.0009	0.0154	0.0	0.0	0.9998	0.0043	0.0574	0.0599	0.0248	0.0246	0.0124	0.0203	0.0123	0.014	0.0089	0.0063	0.008	0.0126	0.0186	0.0109	0.0057	0.0113	0.0077	0.0055	0.0104	0.0058	0.0079	0.0167	0.0145	0.0082	0.0054	0.0143	0.0179	0.021	0.0131	0.0063	0.061	0.0341	0.0399	0.0125	0.0054	0.0136	0.0082	0.0132	0.024	0.0055	0.0057	0.0112	0.013	0.0075	0.0213	0.0137	0.0109	0.0193	0.0106	0.0225	0.0027	0.0063	0.0124	0.013	0.0058	0.0097	0.0222	0.0174	0.0149	0.0029
SGB99491	Paracoccus SGB99491	0.0064	1980	1.0979	138000	0.0047	0.0027	0.3756	0.0043	0.0006	0.0043	0.9973	1.0	0.9841	0.0028	0.0065	0.0137	0.003	0.0	0.0064	0.0034	0.003	0.0057	0.0032	0.0	0.0238	0.0	0.0065	0.0096	0.0	0.0059	0.0029	0.006	0.0031	0.0089	0.0	0.0031	0.0	0.0	0.0032	0.0032	0.006	0.012	0.0085	0.0	0.0	0.0036	0.0032	0.0054	0.0031	0.003	0.0032	0.003	0.0059	0.0028	0.0	0.0053	0.0057	0.0	0.0	0.0093	0.0172	0.0	0.0055	0.0031	0.003	0.0	0.0061	0.0031	0.0	0.0054	0.0125	0.0	0.0	0.0027
SGB7061	Ligilactobacillus ruminis	0.0064	3998	0.892	268650	0.0918	0.0053	0.4134	0.011	0.0012	0.0175	0.0	0.0	1.0	0.0054	0.0904	0.0954	0.0275	0.0282	0.0096	0.0164	0.0199	0.0214	0.0149	0.0076	0.0128	0.0202	0.0186	0.0069	0.0125	0.0095	0.0071	0.0267	0.0094	0.012	0.0087	0.0025	0.0242	0.017	0.0145	0.0054	0.0199	0.0075	0.0093	0.0053	0.0829	0.059	0.0251	0.0235	0.0216	0.0219	0.0081	0.0158	0.0127	0.0077	0.0067	0.009	0.0153	0.0081	0.0157	0.012	0.0121	0.0044	0.017	0.0062	0.0047	0.0102	0.0102	0.0063	0.0207	0.0079	0.0069	0.0044	0.0138	0.0061
SGB6956	Veillonella rogosae	0.0063	2201	0.8965	147950	0.0694	0.0056	0.3648	0.0132	0.0013	0.0183	0.0	0.0	0.9972	0.0058	0.0725	0.0363	0.0359	0.0231	0.0391	0.0251	0.0	0.0144	0.0046	0.0207	0.0169	0.0387	0.0211	0.0226	0.0149	0.0194	0.0138	0.0208	0.0101	0.0273	0.0148	0.0058	0.0303	0.019	0.0049	0.0144	0.0272	0.0056	0.025	0.0195	0.0667	0.062	0.0276	0.0292	0.0142	0.0427	0.0115	0.008	0.0103	0.0085	0.004	0.0051	0.0123	0.0157	0.0	0.012	0.0111	0.0041	0.0201	0.0264	0.0045	0.0119	0.0148	0.0046	0.0118	0.0121	0.0043	0.004	0.0084	0.0
SGB4149	GGB3136 SGB4149	0.0062	4525	1.3287	315200	0.0671	0.0046	0.3949	0.008	0.0011	0.013	0.0	0.0	1.0	0.0047	0.0596	0.0557	0.0274	0.0179	0.0094	0.032	0.0045	0.0121	0.0076	0.0156	0.0045	0.0196	0.0109	0.0176	0.0049	0.0047	0.0106	0.0072	0.0139	0.0176	0.0113	0.0103	0.0	0.0091	0.0045	0.0044	0.0047	0.0136	0.0122	0.0048	0.0634	0.0637	0.0175	0.0074	0.0185	0.0058	0.0175	0.0091	0.01	0.0034	0.0065	0.009	0.0018	0.0069	0.0038	0.0069	0.0034	0.0127	0.0068	0.0111	0.0125	0.0089	0.0101	0.0053	0.0087	0.0017	0.0136	0.0035	0.0033	0.0074
SGB107672	Rhodococcus SGB107672	0.0061	3894	0.768	269800	0.025	0.0023	0.3852	0.006	0.0005	0.0076	0.0	0.0	1.0	0.0023	0.0229	0.0223	0.0176	0.0088	0.0028	0.0043	0.0086	0.0098	0.0096	0.0056	0.0014	0.0085	0.0095	0.008	0.0097	0.0014	0.0158	0.0041	0.0118	0.0083	0.0013	0.0096	0.0014	0.004	0.0028	0.0071	0.0119	0.0072	0.0028	0.0099	0.0243	0.0162	0.0161	0.0089	0.0076	0.0045	0.0059	0.0028	0.0084	0.0083	0.0102	0.0041	0.0096	0.003	0.0081	0.0081	0.0058	0.0056	0.0071	0.0044	0.0084	0.0015	0.0082	0.0045	0.0042	0.006	0.0054	0.0	0.0	0.0
SGB6187	Clostridium paraputrificum	0.0061	1801	1.0607	137200	0.1064	0.0087	0.3349	0.0082	0.0021	0.018	0.0	0.0	0.9979	0.0091	0.0948	0.0741	0.0256	0.04	0.0147	0.0103	0.0094	0.0112	0.0	0.0177	0.0	0.011	0.0312	0.0196	0.0	0.0323	0.022	0.0	0.0096	0.0133	0.0098	0.0078	0.0	0.0	0.0	0.0099	0.0	0.0	0.0	0.011	0.0863	0.1232	0.0688	0.0301	0.0194	0.0	0.022	0.0062	0.0123	0.0	0.018	0.0122	0.0	0.0169	0.0116	0.0259	0.0	0.0064	0.0	0.0247	0.0062	0.0103	0.0174	0.0126	0.0118	0.006	0.0055	0.0059	0.0061	0.0068
SGB7298	Gemella sanguinis	0.0061	2149	0.9455	149250	0.0617	0.006	0.3112	0.0118	0.0016	0.0172	0.0	0.0	0.9969	0.0065	0.0686	0.0562	0.031	0.0584	0.0238	0.0086	0.0083	0.0	0.0	0.0248	0.0075	0.0148	0.0	0.0081	0.031	0.0	0.0256	0.0244	0.0142	0.018	0.0	0.0083	0.0167	0.0	0.0224	0.0	0.0143	0.0354	0.0171	0.0238	0.0549	0.0349	0.0395	0.04	0.0258	0.0171	0.0053	0.0174	0.0059	0.0109	0.0104	0.0108	0.0233	0.0149	0.0052	0.0105	0.0052	0.0118	0.0104	0.0	0.0176	0.0381	0.0	0.0191	0.0217	0.0202	0.0064	0.0056	0.0	0.0054
SGB34870	Cryobacterium algoricola	0.0058	1968	0.8071	147400	0.0252	0.0029	0.3434	0.0041	0.0007	0.0062	0.0	0.0	0.9929	0.0031	0.0184	0.0342	0.0028	0.016	0.0088	0.0088	0.003	0.0081	0.0079	0.0026	0.003	0.0084	0.0125	0.008	0.0056	0.0029	0.0028	0.0031	0.0083	0.0027	0.003	0.0029	0.0028	0.0026	0.0029	0.0	0.006	0.0079	0.003	0.0086	0.0299	0.0103	0.0114	0.0091	0.0063	0.0	0.0163	0.0032	0.0	0.0	0.0	0.0	0.0091	0.0029	0.0	0.0	0.003	0.003	0.0152	0.0143	0.0	0.0032	0.0	0.0031	0.0087	0.0032	0.0	0.0061	0.0	0.0
SGB4914	Waltera acetigignens	0.0057	1542	0.8684	120600	0.0779	0.0078	0.3157	0.0061	0.002	0.0137	0.0	0.0	0.9925	0.0083	0.0931	0.0748	0.0652	0.0327	0.0203	0.0065	0.0067	0.0079	0.0122	0.0	0.0	0.0	0.0134	0.0258	0.0054	0.0266	0.0106	0.0	0.0	0.0179	0.0	0.0055	0.0112	0.0	0.0	0.0	0.0	0.0	0.0368	0.0126	0.0405	0.0714	0.0529	0.0087	0.0166	0.0099	0.0042	0.0137	0.0	0.0	0.0124	0.0044	0.0048	0.0042	0.0088	0.0045	0.0178	0.0	0.0	0.0	0.0152	0.0044	0.0152	0.0184	0.0	0.0044	0.0	0.0	0.0186	0.0049
SGB19694	GGB13147 SGB19694	0.0057	1865	0.7191	147150	0.0867	0.0069	0.4007	0.0079	0.0016	0.0145	0.0	0.0	0.9979	0.007	0.0942	0.0789	0.0315	0.0	0.0366	0.0339	0.0104	0.0234	0.0184	0.0048	0.01	0.0126	0.0167	0.0	0.0084	0.0128	0.0151	0.0	0.0048	0.0097	0.0	0.0	0.0	0.0	0.0	0.0	0.0	0.0	0.014	0.0095	0.075	0.0577	0.0175	0.0154	0.0294	0.0044	0.0093	0.0153	0.0054	0.028	0.0089	0.0049	0.0177	0.0045	0.0101	0.0169	0.0	0.0	0.0083	0.0208	0.005	0.0046	0.0047	0.0051	0.0124	0.0147	0.0183	0.0046	0.0047	0.0
SGB1636	Segatella brasiliensis	0.0056	1538	1.054	86000	0.0965	0.0059	0.3798	0.009	0.0014	0.0167	0.0	0.0	0.9785	0.006	0.0905	0.061	0.0222	0.0321	0.0497	0.0279	0.0	0.0103	0.019	0.0168	0.0102	0.007	0.0	0.0054	0.0118	0.0101	0.0163	0.0234	0.0235	0.0095	0.0056	0.0053	0.0	0.006	0.0164	0.0051	0.0057	0.0105	0.0299	0.0	0.1005	0.0833	0.0343	0.0233	0.0109	0.0	0.0398	0.0255	0.0106	0.0106	0.0	0.0266	0.0	0.0059	0.0166	0.0105	0.0109	0.0048	0.0109	0.0	0.0095	0.0	0.0	0.0	0.0	0.0102	0.0053	0.0172	0.0	0.0053
SGB100018	Acinetobacter modestus	0.0056	5583	8.8603	43500	0.0242	0.0049	0.0953	0.0137	0.0035	0.0169	0.0021	0.0034	0.684	0.0071	0.0101	0.0304	0.0346	0.0248	0.0302	0.0183	0.0192	0.0019	0.0196	0.0234	0.0095	0.0152	0.0123	0.0062	0.0176	0.0154	0.0101	0.0161	0.0205	0.0224	0.0106	0.0115	0.0146	0.028	0.0086	0.0257	0.0153	0.0022	0.0042	0.0105	0.0049	0.0207	0.0278	0.0349	0.0471	0.0137	0.0346	0.0141	0.0017	0.0276	0.0069	0.0182	0.0158	0.0054	0.0125	0.0195	0.0085	0.0163	0.0114	0.0123	0.0232	0.0179	0.0189	0.0123	0.0201	0.0204	0.0146	0.0105	0.0195	0.0175
SGB9631	Haemophilus sputorum	0.0056	2389	0.734	189650	0.0686	0.0052	0.4055	0.0122	0.0012	0.0169	0.0	0.0	0.9995	0.0052	0.0415	0.0481	0.0284	0.0174	0.0364	0.0352	0.0165	0.0128	0.0183	0.0226	0.0	0.0208	0.0047	0.0043	0.0093	0.0398	0.0184	0.0245	0.0089	0.0	0.0042	0.0086	0.0	0.0203	0.0193	0.0044	0.0045	0.0093	0.0045	0.014	0.0885	0.0506	0.0327	0.0124	0.008	0.0164	0.0135	0.0156	0.0131	0.0038	0.021	0.0201	0.004	0.0195	0.0121	0.0161	0.0194	0.0083	0.0076	0.0109	0.0088	0.0112	0.0083	0.0043	0.0039	0.028	0.0169	0.0227	0.008	0.0083
SGB14247	GGB9290 SGB14247	0.0055	2338	0.9146	187450	0.0549	0.005	0.3917	0.0071	0.0011	0.0112	0.0	0.0	0.9993	0.0051	0.0581	0.048	0.015	0.003	0.0063	0.0035	0.0216	0.0087	0.0066	0.0066	0.0094	0.007	0.0	0.0137	0.0063	0.0091	0.0062	0.0106	0.0165	0.0096	0.0	0.0091	0.0	0.0	0.0095	0.0156	0.0028	0.0065	0.0097	0.0033	0.0423	0.0552	0.0151	0.0179	0.0315	0.0087	0.0109	0.0111	0.0028	0.0028	0.0084	0.0086	0.0243	0.0127	0.0172	0.0056	0.0126	0.006	0.0	0.0077	0.0091	0.0	0.0032	0.0	0.0119	0.0	0.0	0.0057	0.0062	0.012
SGB4936	Roseburia hominis	0.0054	2084	0.7409	158850	0.0795	0.006	0.3822	0.0111	0.0014	0.0171	0.0	0.0	0.9985	0.0062	0.0856	0.0642	0.0306	0.0386	0.0431	0.0045	0.0159	0.0132	0.0132	0.016	0.0133	0.0045	0.0083	0.0119	0.0096	0.0224	0.017	0.0086	0.023	0.0171	0.0045	0.0184	0.0237	0.0172	0.0129	0.0123	0.0079	0.0391	0.0095	0.005	0.0827	0.0295	0.0387	0.0307	0.038	0.0068	0.011	0.0065	0.0037	0.009	0.0158	0.0032	0.0095	0.0151	0.0103	0.0062	0.0036	0.0132	0.0034	0.0121	0.0143	0.0069	0.0096	0.0252	0.0132	0.0	0.0034	0.0065	0.0065	0.0067
SGB87762	Microbacterium mitrae	0.0054	3497	0.9747	278100	0.0024	0.0009	0.0	0.001	0.0016	0.0018	0.2531	0.3146	1.0	0.0016	0.0	0.002	0.0	0.0	0.0109	0.0	0.0019	0.0019	0.0016	0.0	0.0	0.0	0.0	0.0055	0.0065	0.0052	0.0	0.0	0.0017	0.0017	0.0032	0.0035	0.0018	0.0017	0.0018	0.0018	0.0017	0.0016	0.0019	0.0	0.0	0.0045	0.0119	0.0019	0.0	0.0	0.0	0.0018	0.0	0.0018	0.0017	0.0	0.0	0.0036	0.0037	0.0017	0.0019	0.0	0.0034	0.0	0.0019	0.0017	0.0019	0.0	0.0	0.0018	0.0	0.0018	0.0	0.0
SGB77841	GGB56428 SGB77841	0.0054	7231	0.7848	455450	0.061	0.0038	0.3572	0.0125	0.0009	0.0171	0.0	0.0	1.0	0.0039	0.0493	0.0661	0.0349	0.032	0.0261	0.0122	0.0157	0.0137	0.0092	0.0112	0.0296	0.0272	0.0169	0.028	0.0289	0.0155	0.0085	0.0144	0.0107	0.0152	0.013	0.0067	0.0065	0.0196	0.0228	0.0084	0.0114	0.0118	0.014	0.0033	0.0651	0.0366	0.0283	0.0193	0.0264	0.0134	0.0047	0.0072	0.0104	0.0105	0.0078	0.0087	0.0128	0.0102	0.0103	0.0086	0.0093	0.0179	0.0103	0.0201	0.0108	0.0128	0.0069	0.0101	0.0102	0.0106	0.0172	0.0084	0.0056	0.0204
SGB19434	Candidatus Campylobacter infans	0.0052	1940	0.7536	158500	0.0852	0.0076	0.4701	0.0128	0.0016	0.0179	0.0	0.0	0.9987	0.0075	0.1038	0.0667	0.0144	0.0078	0.029	0.0236	0.0596	0.0237	0.0207	0.0203	0.0174	0.0	0.0164	0.0	0.0063	0.0	0.0055	0.0	0.0195	0.0252	0.0064	0.0114	0.0066	0.0195	0.0058	0.0134	0.0162	0.0166	0.0172	0.0118	0.0599	0.0663	0.0156	0.033	0.0102	0.0051	0.0111	0.0157	0.0056	0.0302	0.0276	0.0153	0.0103	0.0141	0.0158	0.0153	0.0	0.0156	0.0113	0.0046	0.0102	0.0	0.014	0.0114	0.0096	0.0052	0.0155	0.011	0.0286	0.0058
SGB108234	GGB78011 SGB108234	0.0051	3015	0.7049	247350	0.0309	0.0026	0.4864	0.0073	0.0006	0.0089	0.0	0.0	0.9999	0.0026	0.0328	0.0194	0.0192	0.007	0.0176	0.0099	0.0027	0.009	0.0117	0.0094	0.0043	0.0024	0.0209	0.0093	0.0023	0.0073	0.0023	0.0073	0.0046	0.0113	0.007	0.0118	0.0023	0.0071	0.0107	0.0	0.0122	0.0092	0.0049	0.0117	0.0276	0.0252	0.0068	0.0024	0.007	0.0046	0.014	0.0123	0.0089	0.0087	0.0069	0.0067	0.0023	0.0	0.0184	0.0043	0.0104	0.0045	0.0042	0.0	0.0111	0.0133	0.0076	0.0093	0.0023	0.0064	0.0083	0.0047	0.0087	0.0025
SGB15256	Oscillospiraceae unclassified SGB15256	0.0051	1399	0.6446	122850	0.0758	0.0057	0.4976	0.008	0.0012	0.0126	0.0	0.0	0.9928	0.0056	0.0784	0.0299	0.0246	0.015	0.0244	0.0096	0.0102	0.0052	0.0044	0.0198	0.0153	0.0052	0.0048	0.0048	0.0101	0.0045	0.0062	0.0047	0.0	0.0151	0.0145	0.0087	0.0315	0.0	0.0048	0.0174	0.0	0.005	0.0049	0.0053	0.0812	0.0262	0.0427	0.0258	0.0179	0.0	0.005	0.0046	0.0091	0.0085	0.0221	0.0094	0.0046	0.0	0.0048	0.0042	0.0147	0.0144	0.0138	0.0045	0.0129	0.0045	0.0048	0.0048	0.0	0.0043	0.0051	0.0146	0.0	0.0049
SGB2239	GGB148805 SGB2239	0.005	2039	0.709	178600	0.102	0.0058	0.6749	0.0114	0.0011	0.0159	0.0	0.0	0.9996	0.0055	0.1272	0.0466	0.0225	0.0216	0.0438	0.0041	0.0109	0.0076	0.0207	0.0079	0.024	0.0089	0.0265	0.0112	0.0041	0.0228	0.0167	0.008	0.012	0.0076	0.0	0.0199	0.004	0.0077	0.0075	0.0206	0.0	0.0084	0.0213	0.0039	0.0762	0.0323	0.0145	0.0161	0.0182	0.0165	0.0233	0.0077	0.004	0.0	0.0	0.0169	0.0145	0.0	0.0152	0.0035	0.0068	0.0273	0.011	0.0	0.038	0.0041	0.0162	0.0038	0.0039	0.0	0.0114	0.0189	0.0034	0.0044
SGB15353	GGB9747 SGB15353	0.0049	2054	1.1289	133900	0.0671	0.0059	0.4256	0.0101	0.0013	0.0145	0.0	0.0	0.9947	0.0059	0.0661	0.0775	0.0217	0.0162	0.016	0.0075	0.0074	0.0192	0.0181	0.0072	0.0143	0.0133	0.0236	0.0119	0.018	0.0185	0.0143	0.0038	0.0108	0.0115	0.0039	0.0221	0.0	0.0075	0.0035	0.0	0.0077	0.0143	0.0074	0.0	0.0545	0.0475	0.0283	0.0062	0.0135	0.0	0.0231	0.0033	0.0128	0.0128	0.0031	0.0104	0.0116	0.0033	0.0238	0.0089	0.0119	0.01	0.0198	0.0031	0.0098	0.0	0.0162	0.0061	0.0033	0.0183	0.0032	0.0211	0.0118	0.0169
SGB1612	Candidatus Segatella caccae	0.0048	2206	0.6912	199550	0.0854	0.0053	0.5265	0.0081	0.0011	0.013	0.0	0.0	0.9998	0.0051	0.0631	0.0513	0.0159	0.0081	0.0164	0.0153	0.0046	0.0	0.0088	0.0	0.0083	0.023	0.0079	0.0085	0.0136	0.0	0.0082	0.0173	0.0171	0.0156	0.0	0.0185	0.0118	0.0085	0.0	0.0	0.0043	0.0041	0.0082	0.009	0.1034	0.0509	0.0168	0.0198	0.0246	0.0082	0.0115	0.0	0.0109	0.0215	0.0069	0.0036	0.025	0.0172	0.0074	0.0159	0.0036	0.0161	0.0076	0.0035	0.0	0.0141	0.0	0.0	0.0075	0.0041	0.0077	0.0036	0.0	0.0
SGB6197	Clostridium estertheticum	0.0047	1695	1.7088	58150	0.0428	0.0077	0.3656	0.0205	0.0018	0.0226	0.025	0.036	0.8279	0.008	0.0513	0.058	0.0187	0.0291	0.0326	0.0091	0.032	0.0211	0.0196	0.0408	0.0096	0.0297	0.0	0.0192	0.0206	0.02	0.0	0.0388	0.0096	0.0532	0.0111	0.0	0.026	0.0122	0.0094	0.0769	0.0213	0.0105	0.0288	0.0104	0.03	0.0352	0.0455	0.0113	0.0368	0.0221	0.0071	0.0068	0.0148	0.0	0.0188	0.0294	0.0298	0.0	0.0141	0.0129	0.0523	0.0165	0.0411	0.0167	0.0303	0.0268	0.0192	0.035	0.0058	0.0169	0.0303	0.0115	0.0	0.0438
SGB15377	GGB9762 SGB15377	0.0046	1546	0.7679	147550	0.0524	0.0066	0.3274	0.0077	0.0016	0.0123	0.0	0.0	0.9959	0.007	0.028	0.0654	0.0361	0.0141	0.013	0.0087	0.0098	0.0087	0.0259	0.033	0.0087	0.0095	0.0045	0.0041	0.0041	0.0179	0.0238	0.0044	0.0127	0.0083	0.0079	0.0	0.0132	0.0089	0.0172	0.0	0.0	0.0	0.0047	0.0168	0.0547	0.0566	0.0252	0.0179	0.0	0.0039	0.0048	0.0115	0.0041	0.0036	0.0083	0.0127	0.0042	0.0	0.0038	0.0	0.0155	0.0112	0.0038	0.0074	0.0121	0.0041	0.0	0.0041	0.0	0.0037	0.0372	0.0042	0.0124	0.0084
SGB1883	GGB1380 SGB1883	0.0044	1940	0.6622	187750	0.067	0.0061	0.3802	0.0093	0.0014	0.0143	0.0	0.0	0.9994	0.0063	0.0767	0.0596	0.0183	0.0148	0.0337	0.0097	0.0253	0.0	0.0408	0.0108	0.0166	0.0054	0.0	0.0	0.0098	0.0088	0.0045	0.0046	0.0	0.0155	0.0089	0.0093	0.0282	0.0227	0.0052	0.0051	0.0101	0.0248	0.0	0.0088	0.0534	0.0509	0.0218	0.0245	0.0231	0.0038	0.004	0.0202	0.0135	0.0045	0.0211	0.0049	0.0043	0.0161	0.0088	0.0094	0.0043	0.0124	0.0091	0.0	0.0	0.0087	0.0078	0.0206	0.0048	0.007	0.0116	0.0	0.0043	0.0148
SGB12855	Janthinobacterium sp 61	0.0044	2274	3.4015	34550	0.0378	0.0057	0.4491	0.0111	0.0012	0.0131	0.0	0.0	0.6287	0.0057	0.0361	0.0356	0.0156	0.023	0.0032	0.0103	0.0141	0.0094	0.0115	0.0096	0.0074	0.0156	0.0221	0.0122	0.0137	0.0	0.0097	0.011	0.0132	0.0206	0.0072	0.0067	0.0163	0.0132	0.0092	0.022	0.0239	0.0095	0.0066	0.0127	0.0293	0.0443	0.0088	0.0139	0.0034	0.0033	0.0082	0.0125	0.0132	0.0091	0.026	0.007	0.0152	0.0087	0.0181	0.0091	0.0091	0.0327	0.0	0.0118	0.0118	0.0061	0.0092	0.0132	0.0029	0.0	0.0098	0.0028	0.0031	0.0186
SGB89667	Tardiphaga sp vice154	0.0044	1383	0.6792	125200	0.0123	0.0056	0.99	0.008	0.0011	0.0081	0.6088	0.7004	0.9767	0.0053	0.0151	0.0101	0.0127	0.0332	0.0045	0.0144	0.0	0.0093	0.0086	0.0243	0.0042	0.0183	0.0043	0.0133	0.0085	0.0042	0.0094	0.0128	0.0127	0.0085	0.005	0.0047	0.0095	0.0	0.0085	0.0119	0.0096	0.0043	0.0	0.0	0.009	0.0047	0.0084	0.0081	0.0	0.0138	0.0156	0.0	0.0333	0.0143	0.0044	0.0126	0.0186	0.0088	0.0	0.0	0.0084	0.0	0.0	0.0047	0.0	0.0	0.0045	0.0046	0.0045	0.0091	0.0045	0.0046	0.0082	0.0043
SGB8639	GGB6011 SGB8639	0.0043	1591	0.6364	161400	0.0902	0.0088	0.4293	0.0114	0.0019	0.0175	0.0	0.0	0.9989	0.0088	0.1163	0.0309	0.0104	0.0348	0.0481	0.0325	0.0317	0.0095	0.0074	0.0	0.0259	0.05	0.0	0.008	0.0	0.0252	0.0	0.0	0.0145	0.022	0.0214	0.0	0.0345	0.0	0.0185	0.0	0.0	0.0159	0.0146	0.0097	0.0698	0.094	0.0137	0.0213	0.0345	0.0	0.0	0.0286	0.02	0.014	0.0292	0.0	0.0	0.0242	0.0181	0.0125	0.0	0.0	0.0167	0.0142	0.0	0.0263	0.0069	0.0076	0.0	0.0135	0.012	0.0	0.0	0.0
SGB2549	Epilithonimonas hominis	0.0043	1720	0.7408	165050	0.0122	0.0047	0.2849	0.0076	0.0013	0.0081	0.6395	0.7317	0.9955	0.0051	0.0129	0.0082	0.0181	0.0083	0.0	0.0086	0.015	0.0138	0.0065	0.0208	0.0069	0.0071	0.0	0.0125	0.0278	0.0172	0.0147	0.0	0.0136	0.0	0.0056	0.0	0.0136	0.0132	0.0159	0.0139	0.0	0.0072	0.0426	0.007	0.0	0.0331	0.0	0.0069	0.0191	0.0068	0.0	0.0	0.0	0.0	0.0	0.0	0.0	0.0	0.0118	0.0112	0.0057	0.0063	0.0	0.0056	0.0184	0.0	0.0	0.0	0.0126	0.0055	0.0068	0.012	0.0	0.0053
SGB1705	Hallella faecis	0.0042	1945	0.5421	202400	0.0926	0.0051	0.5277	0.0073	0.001	0.0127	0.0	0.0	0.9998	0.0049	0.0859	0.067	0.0156	0.0233	0.0036	0.0139	0.0084	0.0074	0.0075	0.0099	0.011	0.0037	0.0138	0.0	0.0034	0.0	0.011	0.0038	0.0166	0.0	0.0112	0.0149	0.0036	0.0034	0.0137	0.0081	0.0	0.0037	0.007	0.0036	0.093	0.052	0.0165	0.0147	0.0036	0.0036	0.0115	0.0	0.0	0.0041	0.0185	0.0221	0.0104	0.0079	0.0082	0.0068	0.0097	0.0222	0.0034	0.0035	0.018	0.0078	0.0032	0.0112	0.0	0.0103	0.0	0.0113	0.007	0.0041
SGB15824	Rhodococcus qingshengii	0.0042	1609	0.8032	157200	0.0062	0.0035	0.99	0.0046	0.0007	0.0047	0.8864	0.9904	0.993	0.0033	0.0	0.0094	0.0	0.0	0.0091	0.004	0.0084	0.0	0.0	0.0148	0.0123	0.0078	0.0122	0.0	0.0127	0.0144	0.0	0.0	0.0	0.0	0.0036	0.0085	0.004	0.0069	0.0	0.0043	0.0037	0.004	0.0041	0.0	0.012	0.0	0.0066	0.0	0.0042	0.0	0.004	0.0041	0.0074	0.0039	0.0122	0.0126	0.0	0.0085	0.0041	0.0	0.0	0.0	0.0	0.0041	0.0039	0.0	0.0111	0.0	0.008	0.0	0.0038	0.02	0.0	0.0078
SGB29126	Clostridium tagluense	0.0041	4025	1.0499	190650	0.058	0.0076	0.5145	0.0192	0.0016	0.0217	0.0	0.0	0.9994	0.0074	0.0588	0.0235	0.0178	0.0119	0.0299	0.028	0.0079	0.0275	0.014	0.0192	0.0192	0.0082	0.0237	0.0258	0.0246	0.0145	0.0417	0.0081	0.0108	0.0093	0.0323	0.0067	0.042	0.0279	0.0085	0.0321	0.0575	0.0074	0.0332	0.0042	0.0592	0.0422	0.0407	0.0226	0.0317	0.0258	0.0161	0.0049	0.0401	0.0047	0.023	0.0219	0.027	0.0108	0.0203	0.029	0.0384	0.0301	0.0181	0.0139	0.0111	0.007	0.015	0.0057	0.0072	0.0078	0.0155	0.0254	0.0087	0.0167
SGB1928	GGB1405 SGB1928	0.0041	3762	0.9413	302450	0.0633	0.0065	0.3631	0.0099	0.0015	0.0148	0.0	0.0	1.0	0.0067	0.0596	0.0792	0.0075	0.0188	0.0175	0.0133	0.0081	0.0193	0.0079	0.0169	0.03	0.0169	0.0027	0.0237	0.0114	0.0108	0.0139	0.0085	0.007	0.0077	0.0027	0.0107	0.0057	0.0026	0.0	0.0027	0.005	0.0083	0.0077	0.0204	0.0533	0.0556	0.0237	0.0273	0.0138	0.0197	0.0166	0.0044	0.0045	0.0084	0.0181	0.0143	0.0067	0.0083	0.0115	0.0129	0.0104	0.0085	0.0104	0.0044	0.0207	0.0271	0.0154	0.0024	0.0147	0.0064	0.0041	0.0045	0.0082	0.0068
SGB2021	GGB1458 SGB2021	0.0039	1410	0.569	151850	0.0747	0.0067	0.621	0.0109	0.0013	0.0144	0.0	0.0	0.9978	0.0064	0.0879	0.0496	0.0113	0.0112	0.0176	0.0349	0.0	0.0054	0.0229	0.0	0.0233	0.0229	0.0057	0.0309	0.0223	0.0117	0.0171	0.0114	0.0107	0.0052	0.006	0.0	0.0124	0.0164	0.0163	0.0178	0.0104	0.0057	0.0054	0.0118	0.0573	0.0272	0.0321	0.0	0.0118	0.0117	0.0062	0.005	0.0174	0.0	0.022	0.006	0.0112	0.0294	0.0	0.017	0.0055	0.0055	0.0125	0.0108	0.0163	0.0	0.0054	0.0	0.0063	0.0	0.0116	0.0112	0.0111	0.0058
SGB6615	GGB4780 SGB6615	0.0039	1894	0.6285	194200	0.0684	0.0098	0.3963	0.022	0.0022	0.0259	0.0	0.0	0.9996	0.0099	0.0973	0.0889	0.0365	0.0603	0.0606	0.021	0.0286	0.0308	0.0273	0.0534	0.0085	0.0236	0.0292	0.0377	0.0085	0.031	0.0614	0.0748	0.0282	0.0	0.036	0.0085	0.0492	0.0273	0.0092	0.0316	0.0342	0.0074	0.0849	0.0484	0.0439	0.0286	0.035	0.0139	0.0064	0.0342	0.0245	0.0062	0.0216	0.0112	0.0131	0.0156	0.0234	0.006	0.0265	0.0	0.0238	0.0301	0.0162	0.007	0.0077	0.023	0.0062	0.0	0.0281	0.0143	0.0	0.0	0.0197	0.0145
SGB6579	GGB4750 SGB6579	0.0039	1794	0.6303	192650	0.1409	0.0087	0.4759	0.0099	0.0019	0.0191	0.0	0.0	0.9999	0.0086	0.1622	0.1951	0.0275	0.0455	0.0	0.0	0.0154	0.0093	0.0	0.0	0.0	0.0242	0.0	0.0309	0.0233	0.0	0.0	0.0	0.0	0.008	0.0079	0.0	0.0286	0.0156	0.0	0.0306	0.0	0.0202	0.0083	0.0083	0.1143	0.0458	0.0234	0.0189	0.0148	0.0331	0.0065	0.0303	0.0132	0.0248	0.0108	0.0067	0.0108	0.0066	0.0138	0.0061	0.0272	0.0278	0.0	0.0	0.0052	0.0171	0.0119	0.0	0.0065	0.0194	0.0071	0.0054	0.0074	0.0
SGB25135	Kurthia zopfii	0.0038	1975	0.4958	225850	0.0989	0.0092	0.3253	0.0066	0.0023	0.0161	0.0	0.0	0.9999	0.0098	0.0901	0.1032	0.0422	0.012	0.0114	0.0276	0.0	0.0241	0.0211	0.011	0.0116	0.0067	0.0063	0.0106	0.0209	0.0	0.0	0.0056	0.0059	0.0112	0.0057	0.0062	0.0	0.0	0.0234	0.0116	0.0056	0.0	0.006	0.0107	0.0794	0.1088	0.0224	0.0433	0.0369	0.0	0.0043	0.0215	0.0048	0.0091	0.0092	0.0057	0.0104	0.0139	0.0246	0.0	0.0178	0.0045	0.0056	0.0053	0.0	0.0049	0.0051	0.0	0.0088	0.009	0.0	0.0	0.0	0.0142
SGB7249	Latilactobacillus curvatus	0.0037	1340	0.5631	143800	0.0935	0.0089	0.4406	0.0106	0.0019	0.0168	0.0	0.0	0.9979	0.0088	0.0788	0.0972	0.0362	0.0144	0.0	0.0	0.0072	0.0296	0.0142	0.0074	0.0	0.0292	0.0355	0.0	0.0161	0.015	0.0196	0.0	0.0141	0.0203	0.0	0.015	0.0078	0.007	0.0299	0.0071	0.0148	0.0216	0.0066	0.0	0.0842	0.08	0.0213	0.0152	0.0203	0.0072	0.0	0.0057	0.0197	0.0	0.0199	0.0	0.0121	0.0	0.0135	0.0205	0.0254	0.0066	0.0062	0.0	0.0216	0.0129	0.0072	0.014	0.0	0.0181	0.0068	0.0067	0.0208	0.0066
SGB2626	Soonwooa buanensis	0.0036	4080	0.9634	278800	0.0208	0.0055	0.99	0.0208	0.001	0.0203	1.0	1.0	1.0	0.0057	0.0028	0.0068	0.0338	0.0189	0.0149	0.0268	0.0172	0.0325	0.03	0.0224	0.0093	0.0316	0.0264	0.0271	0.0199	0.0213	0.0192	0.0263	0.0182	0.0464	0.0376	0.0196	0.0094	0.0306	0.0181	0.0121	0.0202	0.0262	0.0172	0.0401	0.011	0.0361	0.0127	0.0216	0.0107	0.0212	0.0259	0.0195	0.0311	0.0136	0.02	0.0191	0.018	0.0083	0.0293	0.021	0.0238	0.0168	0.0153	0.0206	0.013	0.0239	0.0085	0.0132	0.0159	0.0167	0.0063	0.0159	0.0162	0.0188
SGB6172	Clostridium disporicum	0.0036	1319	0.8242	149200	0.1024	0.0106	0.3735	0.0107	0.0025	0.0189	0.0	0.0	0.9986	0.0109	0.125	0.0408	0.0548	0.0323	0.0	0.0556	0.0185	0.0143	0.0	0.0206	0.0612	0.0	0.0	0.0	0.0	0.0267	0.0	0.0	0.0312	0.0364	0.0137	0.0	0.0172	0.0328	0.0	0.0143	0.0179	0.0	0.0	0.0	0.0746	0.1134	0.0288	0.0138	0.02	0.0312	0.0263	0.0079	0.0157	0.0076	0.0	0.0	0.0156	0.0	0.0	0.0	0.0686	0.0248	0.0339	0.0079	0.0187	0.0	0.0067	0.0	0.0083	0.0	0.0	0.0152	0.0081	0.0
SGB12118	Pseudomonas yamanorum	0.0035	1561	0.5045	151550	0.0602	0.0079	0.3701	0.0075	0.0019	0.0122	0.0	0.0	0.997	0.0081	0.0548	0.0591	0.0405	0.0051	0.0153	0.0	0.018	0.0047	0.0	0.0136	0.0	0.0086	0.0129	0.0087	0.0097	0.0042	0.0051	0.0051	0.0088	0.0051	0.0	0.0042	0.0045	0.0098	0.0139	0.0137	0.0	0.0	0.0	0.0046	0.0402	0.0717	0.0311	0.0049	0.0094	0.0	0.0087	0.0	0.0092	0.0122	0.0047	0.0047	0.0145	0.0083	0.0086	0.0132	0.0164	0.0369	0.0165	0.0198	0.017	0.0324	0.0044	0.0	0.0	0.0	0.0	0.0096	0.0046	0.0
SGB78643	Pedobacter cryoconitis	0.0035	3520	0.627	266150	0.0544	0.0057	0.2375	0.021	0.0018	0.0257	0.0	0.0	1.0	0.0066	0.0727	0.0614	0.0406	0.0421	0.0439	0.0292	0.038	0.0289	0.0296	0.0314	0.0356	0.0108	0.023	0.0342	0.0181	0.0336	0.0116	0.0287	0.0145	0.014	0.0257	0.0256	0.0061	0.0079	0.0204	0.0233	0.0144	0.0307	0.0106	0.0362	0.0453	0.0261	0.037	0.0122	0.0399	0.0432	0.0222	0.0332	0.0149	0.0061	0.013	0.0137	0.0065	0.0272	0.0256	0.0154	0.0377	0.0351	0.0311	0.025	0.0184	0.0294	0.0114	0.0072	0.0215	0.0198	0.0276	0.0137	0.0196	0.0304
SGB139686	Clostridium SGB139686	0.0035	6640	1.157	229900	0.0266	0.0042	0.2264	0.0087	0.0013	0.0113	0.0	0.0	0.9998	0.0049	0.0142	0.0229	0.0322	0.0154	0.0166	0.019	0.0381	0.0139	0.0325	0.0127	0.0179	0.0365	0.0115	0.0036	0.0152	0.0064	0.0086	0.0065	0.0055	0.0066	0.0034	0.0122	0.0032	0.0132	0.0115	0.0082	0.0088	0.0181	0.0189	0.0105	0.0249	0.0295	0.027	0.0055	0.0097	0.0165	0.0032	0.0087	0.0051	0.0013	0.0089	0.0034	0.0015	0.003	0.0052	0.0015	0.0035	0.0048	0.0063	0.0133	0.0134	0.0073	0.0138	0.0137	0.0028	0.008	0.0071	0.0222	0.0156	0.0019
SGB1478	GGB1151 SGB1478	0.0035	1630	0.5178	200200	0.0937	0.0061	0.6377	0.0109	0.0012	0.0153	0.0	0.0	0.9998	0.0059	0.0959	0.0316	0.0189	0.0047	0.0185	0.0107	0.0175	0.0	0.0153	0.01	0.0142	0.0202	0.0335	0.0123	0.0053	0.005	0.027	0.0052	0.0055	0.0	0.0053	0.0101	0.0052	0.0092	0.0048	0.0	0.0061	0.01	0.005	0.0166	0.0898	0.0559	0.0265	0.0056	0.0159	0.0062	0.0192	0.0187	0.0047	0.0161	0.0132	0.0	0.0169	0.026	0.0335	0.0258	0.0168	0.0104	0.0209	0.0092	0.0127	0.0059	0.0	0.0	0.0107	0.0	0.0057	0.0102	0.0103	0.0052
SGB204080	Clostridium estertheticum	0.0034	7227	1.9405	242400	0.0638	0.0043	0.3432	0.0197	0.001	0.024	0.0	0.0	0.9999	0.0045	0.0728	0.0415	0.0346	0.0444	0.0421	0.0206	0.0368	0.0188	0.0298	0.032	0.0308	0.0338	0.0217	0.0206	0.0138	0.0171	0.0274	0.0163	0.0146	0.0332	0.0113	0.0198	0.0387	0.015	0.0334	0.0239	0.0176	0.0252	0.0253	0.0127	0.0548	0.0543	0.0489	0.0124	0.0277	0.0299	0.0119	0.0064	0.0306	0.0119	0.0152	0.0162	0.0113	0.0075	0.0216	0.0163	0.0312	0.0267	0.0245	0.0166	0.0153	0.0161	0.0149	0.0209	0.009	0.0132	0.0165	0.0201	0.0201	0.0279
SGB1679	Leyella stercorea	0.0034	1324	0.5088	154300	0.0699	0.0094	0.2863	0.0121	0.0026	0.0188	0.0	0.0	0.9978	0.0103	0.0536	0.0676	0.0529	0.0114	0.026	0.0113	0.0186	0.024	0.028	0.013	0.0275	0.0184	0.0345	0.0355	0.0508	0.0172	0.0106	0.0058	0.017	0.0111	0.0166	0.012	0.0102	0.0	0.0113	0.0	0.0	0.0128	0.0	0.0211	0.0566	0.0867	0.0647	0.0186	0.0123	0.0123	0.0066	0.0065	0.0059	0.0191	0.024	0.0131	0.0194	0.0055	0.006	0.0	0.0054	0.0058	0.0375	0.0	0.0065	0.0059	0.0061	0.0116	0.0065	0.0058	0.0231	0.0066	0.0	0.0337
SGB15016	GGB9594 SGB15016	0.0034	1382	0.556	162550	0.0545	0.0063	0.99	0.0126	0.0012	0.014	0.0	0.0	0.9979	0.006	0.051	0.0051	0.0324	0.0259	0.0171	0.0191	0.0101	0.011	0.0058	0.0192	0.0183	0.0234	0.0045	0.0164	0.0206	0.0244	0.0205	0.0324	0.019	0.0153	0.0206	0.0152	0.0156	0.0193	0.0152	0.0	0.0094	0.0147	0.0144	0.0	0.0586	0.0108	0.0048	0.0274	0.0195	0.0223	0.0	0.005	0.0217	0.0	0.005	0.0088	0.0049	0.0042	0.0104	0.0	0.0348	0.0	0.0046	0.0139	0.0048	0.0087	0.009	0.0158	0.0052	0.0	0.0055	0.0052	0.0087	0.0087
SGB1668	GGB1247 SGB1668	0.0034	1351	0.486	172600	0.1	0.0077	0.5158	0.0094	0.0016	0.0152	0.0	0.0	0.9995	0.0075	0.0954	0.0815	0.0314	0.0056	0.0109	0.0229	0.0114	0.005	0.0226	0.0158	0.0153	0.0058	0.0109	0.0052	0.0423	0.0124	0.0104	0.0057	0.0148	0.0275	0.0	0.0345	0.0058	0.0118	0.0054	0.012	0.0	0.0	0.0	0.0	0.0931	0.0621	0.0163	0.0053	0.0104	0.0	0.0058	0.0053	0.0	0.0	0.0104	0.0093	0.0052	0.0109	0.0107	0.0054	0.0103	0.0058	0.0154	0.0219	0.0114	0.0122	0.0049	0.0062	0.0093	0.0108	0.0	0.006	0.0097	0.0127
SGB6180	Clostridium celatum	0.0033	1487	0.7806	176400	0.044	0.0101	0.3668	0.0071	0.0024	0.0105	0.0	0.0	0.9985	0.0104	0.028	0.0152	0.0	0.0	0.0172	0.0	0.0	0.0	0.0133	0.0	0.0128	0.0	0.0244	0.0	0.0333	0.0	0.0123	0.0	0.0139	0.0	0.0	0.0119	0.0	0.0127	0.0	0.0	0.0172	0.0	0.0152	0.0	0.0361	0.0866	0.0076	0.0147	0.0078	0.0088	0.0364	0.0	0.0	0.0123	0.007	0.0	0.0	0.0	0.0377	0.0072	0.0	0.0286	0.0065	0.0	0.0	0.0058	0.0079	0.0	0.0189	0.0068	0.0146	0.0067	0.0	0.0
SGB6142	Terrisporobacter mayombei	0.0032	1358	0.7395	166600	0.0505	0.009	0.1233	0.0054	0.0051	0.017	0.0	0.0	0.9981	0.0123	0.025	0.0267	0.0725	0.0423	0.0323	0.0	0.0143	0.0	0.0	0.0225	0.0	0.0172	0.0	0.0	0.0145	0.0	0.0429	0.0	0.0253	0.0	0.0	0.0	0.0	0.0122	0.0	0.0328	0.0	0.0	0.0147	0.0	0.0566	0.0462	0.0781	0.0261	0.0435	0.0177	0.0174	0.0	0.0078	0.0331	0.0231	0.0303	0.0312	0.065	0.0	0.0164	0.0078	0.0167	0.0079	0.0	0.0075	0.0	0.0	0.0261	0.0095	0.0085	0.0	0.0	0.0	0.0
SGB17348	GGB10693 SGB17348	0.0032	2272	0.41	308100	0.0687	0.0065	0.4049	0.0072	0.0015	0.0122	0.0	0.0	1.0	0.0066	0.0517	0.0694	0.0197	0.0136	0.0113	0.0112	0.003	0.0114	0.0061	0.0113	0.0111	0.0093	0.0161	0.0056	0.0	0.0	0.0028	0.0	0.0281	0.0028	0.0122	0.0086	0.0	0.003	0.0031	0.0	0.0059	0.0206	0.009	0.0118	0.071	0.0663	0.0147	0.0187	0.0139	0.0028	0.0	0.0168	0.016	0.0091	0.0065	0.0057	0.0156	0.0066	0.0084	0.0057	0.0092	0.0056	0.0057	0.0055	0.0124	0.0029	0.0097	0.01	0.0066	0.003	0.0033	0.0031	0.0087	0.0142
SGB81522	Glaciimonas immobilis	0.0032	3745	0.4809	495750	0.041	0.003	0.4943	0.0055	0.0006	0.0079	0.0	0.0	1.0	0.0029	0.0496	0.0242	0.0134	0.0064	0.0024	0.0048	0.0022	0.0064	0.0137	0.0085	0.0041	0.0042	0.006	0.0042	0.0071	0.0063	0.0112	0.0081	0.0107	0.011	0.0021	0.0099	0.0069	0.0021	0.0024	0.0043	0.0046	0.0043	0.0044	0.0	0.0294	0.0346	0.0056	0.0076	0.0165	0.0046	0.0126	0.0042	0.0062	0.0077	0.0083	0.0021	0.01	0.0105	0.002	0.008	0.0037	0.0	0.0	0.0019	0.0	0.0056	0.0174	0.002	0.0	0.0042	0.0043	0.0064	0.0021	0.0088
SGB8129	Streptococcus oralis	0.0032	1220	0.4681	135300	0.0774	0.0083	0.4342	0.0142	0.0018	0.019	0.0	0.0	0.9959	0.0083	0.0942	0.1008	0.066	0.0196	0.0377	0.0275	0.0136	0.0167	0.0	0.0397	0.0	0.0086	0.0294	0.0089	0.0085	0.0229	0.0354	0.0213	0.0083	0.0286	0.0137	0.0	0.0078	0.008	0.0357	0.0094	0.0	0.0069	0.0229	0.0168	0.0513	0.0194	0.0152	0.0138	0.0	0.0079	0.0	0.0208	0.0	0.0081	0.0083	0.0	0.0244	0.0136	0.0238	0.024	0.0233	0.0164	0.0203	0.0	0.0424	0.016	0.018	0.0	0.0	0.0213	0.0	0.015	0.0233	0.0154
SGB6521	GGB101013 SGB6521	0.0031	1280	0.6031	170900	0.1276	0.016	0.6067	0.0227	0.0032	0.0284	0.0	0.0	0.9997	0.0153	0.1023	0.0645	0.0308	0.0441	0.0345	0.0	0.0	0.0652	0.0167	0.0	0.0492	0.0822	0.0	0.0426	0.0	0.0143	0.0217	0.0536	0.0625	0.0	0.0175	0.0	0.0149	0.0154	0.0167	0.0847	0.04	0.0167	0.0167	0.0	0.1471	0.0465	0.0619	0.0351	0.0206	0.0	0.0256	0.0172	0.0392	0.0172	0.0217	0.0233	0.0	0.0119	0.0	0.0	0.0	0.0213	0.0532	0.0119	0.0481	0.0632	0.0316	0.0	0.0	0.0119	0.0506	0.018	0.0101	0.0357
SGB8053	Streptococcus gordonii	0.0031	1277	0.4469	161400	0.0842	0.0085	0.4879	0.0107	0.0018	0.0157	0.0	0.0	0.9988	0.0083	0.0938	0.0566	0.0097	0.0405	0.009	0.0306	0.0096	0.0093	0.0	0.0392	0.0088	0.0073	0.0085	0.0095	0.0397	0.0248	0.0179	0.0367	0.0	0.0177	0.037	0.0	0.0	0.0	0.0093	0.0194	0.0085	0.0	0.0	0.0	0.0674	0.0728	0.0167	0.0	0.0138	0.0254	0.0145	0.027	0.0179	0.0072	0.0068	0.0079	0.0	0.0078	0.0	0.0143	0.0	0.0078	0.0	0.013	0.007	0.0156	0.0301	0.0071	0.0	0.0133	0.0152	0.0	0.0067	0.0
SGB9313	GGB13099 SGB9313	0.0031	1063	0.4994	136150	0.0931	0.0084	0.4235	0.0095	0.0019	0.0161	0.0	0.0	0.9971	0.0084	0.0904	0.0882	0.032	0.0092	0.0144	0.0079	0.0	0.0	0.0076	0.0221	0.0	0.0156	0.0	0.0201	0.0365	0.0088	0.0123	0.0365	0.0	0.0063	0.0081	0.0079	0.0078	0.0071	0.0155	0.0204	0.0217	0.0	0.042	0.0	0.0746	0.0828	0.0352	0.0261	0.0	0.0126	0.0137	0.0	0.0063	0.0073	0.0062	0.0061	0.0066	0.0	0.008	0.0123	0.0064	0.0123	0.0124	0.0072	0.0	0.013	0.0069	0.0074	0.0	0.0137	0.0144	0.006	0.0	0.0272
SGB6148	Romboutsia timonensis	0.003	1116	0.6499	132750	0.041	0.0143	0.99	0.0146	0.0027	0.0155	0.0223	0.0324	0.9904	0.0136	0.0273	0.0	0.0	0.0	0.0476	0.0179	0.0702	0.0192	0.0	0.0333	0.0	0.0156	0.037	0.0	0.0169	0.0	0.0469	0.0179	0.0152	0.0	0.0	0.0299	0.0	0.0139	0.0	0.0	0.0	0.0159	0.0	0.0	0.0522	0.0238	0.0238	0.0426	0.0323	0.0247	0.0189	0.0	0.0	0.0167	0.0	0.0143	0.0	0.0103	0.0417	0.0	0.0357	0.0649	0.0	0.0366	0.0	0.0222	0.0	0.0189	0.0	0.0	0.0189	0.0097	0.0	0.0
SGB15014	GGB9592 SGB15014	0.0029	1151	0.4457	150250	0.062	0.0064	0.47	0.0098	0.0014	0.0135	0.0	0.0	0.997	0.0064	0.0376	0.0183	0.024	0.0114	0.012	0.0071	0.0121	0.0057	0.0055	0.0159	0.0279	0.0244	0.0496	0.0	0.0169	0.0061	0.0056	0.0065	0.0	0.022	0.0129	0.0059	0.0	0.007	0.0068	0.0117	0.0118	0.0115	0.0	0.0	0.0863	0.0667	0.0063	0.024	0.013	0.0303	0.0268	0.0059	0.0052	0.0056	0.0	0.0056	0.011	0.0286	0.0059	0.0052	0.0052	0.0127	0.0061	0.0282	0.0058	0.0055	0.0059	0.0	0.006	0.0059	0.0116	0.0	0.0061	0.0117
SGB6847	Turicibacter bilis	0.0029	1075	0.6924	153350	0.0741	0.0079	0.4567	0.0051	0.0017	0.0101	0.0	0.0	0.9979	0.0078	0.0769	0.0533	0.0099	0.038	0.0227	0.0139	0.0	0.0	0.0	0.0	0.0	0.0125	0.0	0.0	0.0109	0.0227	0.0	0.0	0.0135	0.0	0.02	0.0	0.0312	0.0	0.0	0.0	0.0	0.0	0.0	0.0	0.0645	0.063	0.0	0.0086	0.0105	0.0091	0.0	0.0085	0.0	0.0165	0.0	0.0303	0.0	0.0079	0.0	0.0196	0.0	0.0	0.0	0.0	0.0	0.0172	0.0	0.0	0.0	0.0083	0.0	0.0	0.019	0.0
SGB109581	Clostridium frigoris	0.0028	8055	3.5629	155200	0.0575	0.0064	0.5137	0.0166	0.0013	0.0192	0.0	0.0	0.9975	0.0062	0.0474	0.032	0.0281	0.0182	0.0312	0.0229	0.006	0.0266	0.0081	0.0219	0.0108	0.0456	0.0132	0.0295	0.0174	0.0159	0.0271	0.0248	0.017	0.0372	0.0088	0.0339	0.0152	0.0042	0.0277	0.0253	0.0212	0.0335	0.0139	0.0092	0.0674	0.0364	0.0121	0.0215	0.0487	0.0146	0.0206	0.0145	0.0097	0.0127	0.0122	0.0119	0.0122	0.0175	0.014	0.0136	0.0119	0.0086	0.0048	0.0112	0.0062	0.0184	0.016	0.0263	0.0067	0.0176	0.0148	0.0134	0.0112	0.0153
SGB7911	Carnobacterium sp CP1	0.0027	2351	0.3186	349600	0.0733	0.0087	0.3295	0.0131	0.0022	0.0192	0.0	0.0	1.0	0.0092	0.057	0.0843	0.0219	0.0164	0.0548	0.013	0.0473	0.0146	0.0104	0.0171	0.0127	0.0292	0.0211	0.012	0.0168	0.0185	0.0136	0.0523	0.0057	0.0265	0.0068	0.0164	0.0102	0.0117	0.0058	0.0182	0.0067	0.0123	0.0355	0.0063	0.0794	0.0634	0.0256	0.0043	0.0331	0.0383	0.0143	0.0	0.013	0.0128	0.035	0.0149	0.0049	0.0052	0.0046	0.0045	0.0	0.0138	0.0085	0.0	0.0	0.0097	0.0088	0.0088	0.025	0.0172	0.0157	0.0132	0.0093	0.0106
SGB17364	GGB10708 SGB17364	0.0026	1049	0.3653	157150	0.0879	0.0048	0.577	0.0066	0.001	0.0113	0.0	0.0	0.9987	0.0046	0.1064	0.0364	0.018	0.0052	0.0124	0.0	0.0118	0.0159	0.012	0.0056	0.0055	0.0058	0.0	0.0275	0.0112	0.0	0.0	0.013	0.0	0.0153	0.0056	0.0	0.0181	0.0053	0.01	0.0057	0.0057	0.0237	0.0104	0.0	0.0726	0.0341	0.0272	0.0221	0.0314	0.0121	0.0058	0.0046	0.0	0.0049	0.0047	0.0053	0.0106	0.0059	0.0	0.0	0.0152	0.0	0.0051	0.0	0.005	0.0	0.0145	0.0	0.0	0.0052	0.0	0.0	0.0	0.006
SGB39321	Clostridium SGB39321	0.0025	2960	1.1035	121450	0.0496	0.0082	0.151	0.0175	0.0038	0.0244	0.0	0.0	0.9873	0.0107	0.0841	0.0137	0.0503	0.0221	0.0556	0.0314	0.0244	0.0065	0.0	0.0514	0.0202	0.0172	0.0186	0.0222	0.0065	0.0302	0.0207	0.027	0.0	0.0203	0.005	0.0687	0.0618	0.0154	0.0185	0.0242	0.0265	0.0235	0.012	0.0057	0.04	0.0414	0.0324	0.0275	0.0478	0.0524	0.0415	0.0231	0.0279	0.036	0.0389	0.0101	0.0034	0.0171	0.0196	0.0172	0.0174	0.0154	0.0033	0.0143	0.0074	0.0283	0.0172	0.0086	0.0158	0.0239	0.0202	0.0197	0.0189	0.0071
SGB6141	GGB4456 SGB6141	0.0025	1117	0.7149	136550	0.0648	0.0123	0.2742	0.0088	0.0034	0.0156	0.0	0.0	0.995	0.0136	0.0	0.0909	0.0	0.0	0.0526	0.0	0.0	0.0179	0.0	0.0	0.0159	0.0	0.0	0.0312	0.0	0.0	0.0	0.0	0.0	0.0417	0.0	0.0	0.0	0.0345	0.0175	0.0	0.0	0.0	0.0526	0.0192	0.0746	0.1	0.0123	0.0412	0.0309	0.0128	0.0303	0.0244	0.0196	0.01	0.0108	0.02	0.0	0.0	0.0	0.0297	0.0526	0.0128	0.0	0.0139	0.0122	0.0	0.0	0.0	0.0108	0.0	0.0	0.0133	0.0	0.0
SGB109584	Clostridium lacusfryxellense	0.0025	4598	0.7529	307700	0.0414	0.0064	0.2388	0.0209	0.002	0.0237	0.0001	0.0002	1.0	0.0074	0.0387	0.0503	0.0195	0.032	0.0516	0.037	0.0338	0.0303	0.0332	0.0328	0.0111	0.0271	0.02	0.0224	0.0076	0.0184	0.0328	0.008	0.0209	0.0327	0.0169	0.0179	0.0399	0.0276	0.0168	0.0199	0.0302	0.0397	0.0285	0.0548	0.0258	0.0521	0.0332	0.0323	0.0352	0.016	0.0113	0.0067	0.0274	0.0143	0.0111	0.0129	0.0205	0.0168	0.0162	0.0249	0.0156	0.0204	0.0111	0.0206	0.0256	0.0023	0.0201	0.0223	0.0177	0.0152	0.0227	0.0233	0.0276	0.022
SGB2214	GGB1617 SGB2214	0.0024	1152	0.3902	178050	0.0705	0.0067	0.5793	0.0123	0.0014	0.0156	0.0	0.0	0.9992	0.0064	0.0714	0.0783	0.0146	0.0135	0.0168	0.0231	0.0	0.0236	0.0156	0.0062	0.0	0.0075	0.0303	0.0073	0.0224	0.0	0.0248	0.0201	0.0079	0.0063	0.0152	0.016	0.0072	0.0157	0.0069	0.0229	0.0072	0.0183	0.0	0.0139	0.0638	0.0222	0.0167	0.0064	0.0	0.0148	0.0	0.0133	0.032	0.0066	0.0309	0.0244	0.0069	0.0392	0.0	0.0062	0.0073	0.0144	0.0182	0.0	0.0278	0.0071	0.0109	0.0	0.0116	0.0	0.0066	0.0	0.0292	0.0137
SGB24908	Clostridium putrefaciens	0.0024	1354	0.6436	133550	0.025	0.0068	0.0317	0.0162	0.0089	0.0204	0.4442	0.5267	0.9872	0.0115	0.043	0.0303	0.0	0.025	0.0986	0.0	0.0263	0.0556	0.0337	0.0	0.0328	0.0581	0.0114	0.0282	0.0139	0.025	0.0263	0.0	0.0119	0.0	0.0449	0.0	0.0253	0.0	0.0217	0.0	0.0769	0.0127	0.0303	0.0	0.0071	0.0248	0.0167	0.0227	0.0238	0.0347	0.0078	0.0079	0.0268	0.0066	0.0	0.0286	0.0286	0.0227	0.0161	0.0224	0.0227	0.0088	0.0213	0.0074	0.0248	0.0153	0.0171	0.0348	0.0137	0.0	0.0261	0.0294	0.0	0.019
SGB2997	Flavobacterium aquidurense	0.0023	1147	0.3997	195600	0.1014	0.0073	0.4881	0.0093	0.0015	0.0156	0.0	0.0	0.9998	0.0071	0.05	0.0769	0.0206	0.0	0.0519	0.0	0.0	0.0	0.0206	0.025	0.0112	0.0098	0.0108	0.0222	0.0109	0.0101	0.0	0.0435	0.038	0.0206	0.0	0.0	0.0213	0.0125	0.0122	0.0361	0.0	0.0	0.0114	0.0	0.1504	0.0312	0.055	0.0316	0.0	0.0316	0.0118	0.0115	0.0256	0.0	0.0	0.0081	0.0	0.0089	0.0	0.0179	0.0076	0.0082	0.0	0.033	0.0088	0.0	0.0	0.0	0.0097	0.0	0.0	0.0	0.0	0.0
SGB115961	GGB87171 SGB115961	0.0023	1177	0.4153	207850	0.0912	0.0088	0.3931	0.011	0.002	0.0178	0.0	0.0	0.9999	0.009	0.0789	0.0769	0.027	0.0465	0.0	0.0	0.0	0.0423	0.0	0.0375	0.0135	0.0132	0.013	0.0	0.0	0.0139	0.0303	0.0128	0.0	0.0141	0.0128	0.0	0.0132	0.0116	0.0	0.0116	0.0411	0.0156	0.0	0.0127	0.1	0.049	0.0568	0.0283	0.0417	0.0	0.0088	0.0	0.0118	0.0088	0.0088	0.0	0.0508	0.0174	0.012	0.0	0.0261	0.0182	0.0185	0.0114	0.0122	0.0	0.0	0.0101	0.0086	0.0103	0.0238	0.0	0.0	0.0
SGB109321	Flavobacterium sp NKUCC04 CG	0.0021	2227	0.3456	409650	0.1013	0.0056	0.3784	0.0109	0.0013	0.0189	0.0	0.0	1.0	0.0058	0.0894	0.0785	0.0345	0.0533	0.0357	0.0568	0.0055	0.0116	0.0237	0.0357	0.0057	0.0053	0.0159	0.0405	0.0	0.0149	0.0167	0.0114	0.0111	0.0194	0.0053	0.0051	0.0204	0.0118	0.0176	0.0	0.0059	0.0104	0.0099	0.0226	0.1133	0.0543	0.0488	0.0228	0.0179	0.0049	0.0	0.0087	0.0136	0.0	0.0089	0.0043	0.0094	0.0088	0.0089	0.0053	0.0041	0.0288	0.0209	0.0083	0.0051	0.009	0.0181	0.009	0.0048	0.0	0.0193	0.0135	0.0049	0.0
SGB139380	GGB98777 SGB139380	0.0019	7983	2.7994	192850	0.078	0.0035	0.3675	0.0105	0.0008	0.0166	0.0	0.0	0.9997	0.0036	0.073	0.0332	0.0401	0.0355	0.0254	0.0119	0.004	0.0117	0.028	0.0182	0.0286	0.0199	0.0143	0.0129	0.0097	0.0123	0.0227	0.0143	0.023	0.0067	0.012	0.0107	0.0096	0.0067	0.0119	0.0193	0.0081	0.0114	0.0138	0.0081	0.0756	0.0805	0.0314	0.0204	0.0167	0.0153	0.0119	0.012	0.0126	0.0118	0.0069	0.0107	0.001	0.0069	0.0124	0.0114	0.008	0.0078	0.0081	0.0183	0.0118	0.0125	0.0111	0.0156	0.0099	0.0029	0.0021	0.0029	0.0	0.0062
SGB108116	GGB77971 SGB108116	0.0017	1316	0.2887	288100	0.0121	0.0036	0.6954	0.0044	0.0007	0.0048	0.1454	0.1868	1.0	0.0034	0.0049	0.0166	0.0045	0.0	0.0	0.0052	0.005	0.0091	0.0	0.0138	0.0052	0.0045	0.0194	0.0048	0.0	0.0189	0.0	0.0102	0.0095	0.0055	0.0051	0.0195	0.0	0.0	0.0054	0.0	0.0	0.0	0.0	0.0	0.0188	0.0	0.0	0.0048	0.0221	0.0051	0.0052	0.0	0.0051	0.0	0.0087	0.0101	0.0045	0.0	0.0049	0.0045	0.0051	0.0	0.0	0.0107	0.0	0.0	0.0	0.0061	0.0	0.0	0.0	0.0045	0.0	0.0
SGB77445	GGB27107 SGB77445	0.0017	4347	1.0009	205500	0.049	0.0064	0.2214	0.0184	0.0021	0.023	0.0	0.0	0.9996	0.0075	0.0548	0.0491	0.0476	0.0283	0.0328	0.0446	0.0221	0.0347	0.015	0.0451	0.0524	0.0346	0.0094	0.04	0.0195	0.0075	0.0121	0.011	0.0036	0.0125	0.0319	0.015	0.0201	0.0445	0.0212	0.0234	0.0243	0.0163	0.0191	0.0207	0.0393	0.048	0.0432	0.0124	0.0247	0.023	0.0243	0.0124	0.0179	0.027	0.0106	0.0142	0.0158	0.0258	0.0112	0.0183	0.0132	0.0076	0.0198	0.0103	0.0155	0.0271	0.0051	0.0343	0.0187	0.0216	0.0177	0.0118	0.007	0.0285
SGB109580	Clostridium estertheticum	0.0016	1734	1.353	77050	0.0763	0.0154	0.6635	0.0277	0.003	0.0301	0.0002	0.0003	0.9543	0.0147	0.075	0.0341	0.0349	0.0093	0.0103	0.0259	0.0707	0.0278	0.0115	0.0187	0.0485	0.0202	0.0444	0.0	0.0412	0.0463	0.0297	0.0	0.0114	0.0632	0.0189	0.0603	0.0312	0.0297	0.0093	0.0215	0.0211	0.0588	0.0349	0.0087	0.0769	0.0496	0.0403	0.0419	0.0127	0.0076	0.026	0.0128	0.0544	0.0207	0.0118	0.0234	0.0167	0.0473	0.0	0.0432	0.0184	0.0441	0.0078	0.0303	0.0248	0.1156	0.0144	0.0199	0.0314	0.0255	0.0144	0.0065	0.019	0.0469
SGB104291	GGB77431 SGB104291	0.0016	1121	0.2543	255300	0.0385	0.0065	0.3995	0.0103	0.0015	0.0127	0.0002	0.0004	0.9999	0.0066	0.041	0.0244	0.037	0.0183	0.0094	0.0	0.0089	0.0102	0.0259	0.0085	0.0105	0.0	0.0092	0.018	0.0288	0.0168	0.0171	0.0106	0.0185	0.0	0.0083	0.0213	0.0	0.0102	0.0187	0.0071	0.0182	0.0179	0.0111	0.0	0.0373	0.0224	0.0229	0.0078	0.0165	0.0275	0.0083	0.0	0.0	0.0227	0.0083	0.0	0.0073	0.0	0.0104	0.0	0.0	0.0561	0.0152	0.015	0.0079	0.0	0.0	0.0	0.0	0.0087	0.0171	0.0088	0.0093	0.0091
SGB27424	GGB18559 SGB27424	0.0016	1683	0.6352	163650	0.0751	0.0072	0.5025	0.0073	0.0015	0.0118	0.0	0.0	0.9987	0.0071	0.0616	0.0545	0.0131	0.0094	0.0133	0.0	0.0	0.0273	0.0048	0.0133	0.0	0.0083	0.0137	0.0233	0.009	0.0084	0.0044	0.0212	0.0	0.0088	0.0133	0.0087	0.0043	0.0	0.0096	0.025	0.0046	0.0041	0.0161	0.0043	0.0775	0.0673	0.0092	0.0043	0.0091	0.0141	0.0047	0.0038	0.0048	0.0246	0.0043	0.0082	0.0	0.0138	0.0052	0.0139	0.0046	0.0143	0.0	0.0078	0.0	0.0	0.0042	0.0	0.0	0.0081	0.0049	0.0	0.0082	0.0103
SGB7962	Enterococcus faecalis	0.0016	1100	0.3202	256100	0.0157	0.0044	0.3432	0.0059	0.0011	0.0068	0.1377	0.1775	0.9999	0.0046	0.0192	0.023	0.0288	0.0309	0.0	0.0	0.0	0.0	0.0217	0.0	0.0	0.0	0.0	0.0	0.0	0.0104	0.0	0.01	0.0	0.0	0.0102	0.0	0.0	0.0125	0.0	0.0149	0.011	0.0204	0.0	0.0101	0.0133	0.0	0.0	0.0	0.0	0.0112	0.0092	0.0172	0.0	0.0085	0.0092	0.0	0.011	0.0088	0.0097	0.016	0.01	0.0078	0.0	0.0	0.0095	0.0	0.0	0.0091	0.0177	0.0	0.0164	0.0096	0.0	0.0
SGB108243	GGB78008 SGB108243	0.0015	1402	0.2738	351550	0.0166	0.0032	0.0626	0.0055	0.0031	0.0098	0.0047	0.0074	1.0	0.005	0.0226	0.0282	0.0266	0.0089	0.0282	0.0	0.0	0.0	0.0089	0.0135	0.026	0.0187	0.0133	0.0144	0.0123	0.0087	0.0048	0.0108	0.01	0.0095	0.0088	0.0045	0.0103	0.0245	0.0047	0.0	0.0	0.0044	0.0	0.0052	0.0045	0.0217	0.0	0.0231	0.0223	0.0	0.0107	0.0179	0.0048	0.0	0.0047	0.0043	0.0133	0.0044	0.018	0.0051	0.0097	0.0087	0.0142	0.013	0.0137	0.0044	0.0092	0.0	0.0	0.0047	0.0192	0.0047	0.0	0.0095
SGB106912	GGB77101 SGB106912	0.0015	1042	0.2555	263200	0.0319	0.0054	0.4151	0.0068	0.0012	0.0088	0.0	0.0001	1.0	0.0055	0.0222	0.0342	0.0056	0.0549	0.0	0.0068	0.0068	0.0	0.0064	0.0059	0.0	0.0056	0.0068	0.0	0.0071	0.0136	0.0069	0.0	0.0	0.0237	0.0128	0.0192	0.0124	0.012	0.0	0.0	0.0065	0.0122	0.0	0.0071	0.0483	0.0	0.0127	0.0	0.0062	0.0079	0.0184	0.006	0.0	0.0118	0.0	0.0076	0.0063	0.0	0.0	0.015	0.0067	0.0	0.0069	0.0	0.0149	0.0063	0.0143	0.0	0.012	0.0075	0.0067	0.0066	0.0065	0.0066
SGB69081	GGB74410 SGB69081	0.0014	1070	0.3523	185950	0.1002	0.0087	0.3648	0.0072	0.0021	0.0157	0.0	0.0	0.9997	0.009	0.071	0.1019	0.048	0.0169	0.0201	0.0328	0.0	0.0201	0.008	0.0167	0.0073	0.0	0.0081	0.0088	0.0283	0.0124	0.0	0.0222	0.0066	0.0226	0.0	0.0067	0.0	0.0	0.0	0.0	0.0079	0.0161	0.0075	0.0088	0.1161	0.0821	0.0167	0.0263	0.0069	0.0374	0.0079	0.013	0.0	0.0	0.0	0.0292	0.0242	0.0	0.0073	0.0081	0.0	0.0079	0.0087	0.0292	0.0	0.0099	0.0124	0.0	0.0	0.0	0.0	0.0	0.0	0.0084
SGB6193	Clostridium thermobutyricum	0.0014	2078	0.6944	146200	0.0237	0.0072	0.8724	0.0083	0.0014	0.0089	0.0284	0.0405	0.9922	0.0068	0.0263	0.0	0.0115	0.0	0.0	0.0	0.0	0.0105	0.0085	0.011	0.0	0.037	0.0094	0.0	0.0132	0.0	0.0087	0.0161	0.0366	0.0135	0.011	0.0088	0.0	0.0	0.0	0.0105	0.05	0.0208	0.0094	0.0	0.0226	0.013	0.0118	0.0053	0.0156	0.0053	0.0	0.0107	0.0112	0.0	0.0156	0.022	0.0161	0.0	0.0051	0.0	0.0048	0.0	0.0042	0.0062	0.0147	0.0	0.0048	0.0238	0.0	0.011	0.0154	0.0	0.004	0.0
SGB204069	Clostridium SGB204069	0.0013	3330	3.0886	45550	0.0422	0.0103	0.3712	0.016	0.0024	0.0183	0.0	0.0	0.7443	0.0106	0.0251	0.0677	0.019	0.0063	0.0462	0.0	0.0195	0.0073	0.0139	0.0112	0.0	0.0	0.0	0.0	0.0	0.0	0.0	0.0135	0.0059	0.0	0.0	0.0068	0.0	0.0064	0.0061	0.0336	0.0146	0.0057	0.0	0.0291	0.0475	0.0242	0.0326	0.0103	0.0176	0.0156	0.0116	0.0375	0.0341	0.0084	0.0095	0.0418	0.0125	0.0286	0.0683	0.0241	0.0418	0.0259	0.0029	0.0049	0.0091	0.0085	0.0152	0.0263	0.0067	0.0095	0.0126	0.019	0.0023	0.0405
SGB109583	Clostridium algoriphilum	0.0012	2862	0.88	160350	0.0325	0.0084	0.1797	0.0238	0.0033	0.0254	0.2776	0.3437	0.9964	0.0104	0.0227	0.0537	0.05	0.0703	0.0515	0.0132	0.0395	0.0258	0.026	0.0123	0.0127	0.0076	0.0173	0.0131	0.0337	0.0181	0.0513	0.046	0.011	0.0311	0.014	0.0059	0.0241	0.0214	0.0104	0.0336	0.0549	0.0387	0.0809	0.0398	0.0209	0.0271	0.0134	0.0177	0.0242	0.0512	0.0126	0.0207	0.0093	0.0264	0.0265	0.0418	0.0162	0.0491	0.0041	0.0085	0.0221	0.018	0.0084	0.0155	0.0321	0.008	0.0163	0.0242	0.0157	0.0083	0.0134	0.0197	0.0476	0.0231
SGB145199	GGB9158 SGB145199	0.0012	1024	0.2213	287000	0.1033	0.0102	0.4425	0.0107	0.0022	0.0176	0.0	0.0	1.0	0.0101	0.0472	0.0732	0.0	0.0	0.0108	0.0114	0.0099	0.0341	0.0	0.012	0.0215	0.0248	0.0	0.0122	0.011	0.0103	0.0286	0.0	0.0	0.0326	0.02	0.0217	0.0	0.0225	0.0	0.0227	0.0101	0.0127	0.0111	0.01	0.1228	0.1161	0.0538	0.028	0.0	0.0174	0.0078	0.0	0.0163	0.007	0.0	0.0	0.0161	0.0	0.0	0.0	0.0233	0.0175	0.0081	0.0094	0.0	0.0294	0.0175	0.0261	0.0081	0.0091	0.0	0.0	0.0089	0.0297
SGB139685	Clostridium SGB139685	0.001	75620	80.4954	84800	0.0773	0.0048	0.3588	0.0236	0.0012	0.0286	0.0	0.0	0.9961	0.005	0.0698	0.0664	0.0323	0.032	0.028	0.0276	0.026	0.0197	0.0152	0.0145	0.0163	0.029	0.0157	0.0224	0.0113	0.0151	0.0205	0.0206	0.0135	0.0157	0.0121	0.0088	0.0193	0.0198	0.0171	0.015	0.0145	0.0129	0.0097	0.017	0.0831	0.0598	0.037	0.0402	0.0403	0.0251	0.0352	0.0429	0.0462	0.0226	0.028	0.0352	0.021	0.035	0.0259	0.0287	0.0261	0.0304	0.0288	0.0226	0.0343	0.0294	0.0223	0.0303	0.0163	0.0369	0.0285	0.014	0.0248	0.0372
SGB24906	Clostridium vincentii	0.0008	1144	0.2392	290550	0.0469	0.0097	0.1192	0.0144	0.0057	0.023	0.0004	0.0008	1.0	0.0135	0.0472	0.1	0.0323	0.0	0.0135	0.0794	0.0323	0.0541	0.0339	0.0	0.0877	0.0	0.0	0.0392	0.029	0.0	0.0667	0.0656	0.0	0.0357	0.0	0.0294	0.0	0.0152	0.0	0.0282	0.0	0.0656	0.0133	0.0	0.0357	0.0455	0.0526	0.0075	0.0185	0.049	0.0087	0.0455	0.0319	0.0	0.0088	0.0319	0.01	0.0093	0.0187	0.0156	0.0082	0.0211	0.0252	0.0	0.0116	0.0198	0.0342	0.023	0.0092	0.0093	0.0097	0.0088	0.0099	0.0105
SGB109586	Clostridium sp CS001	0.0007	2745	0.4983	238000	0.0434	0.0155	0.99	0.0276	0.0029	0.0281	0.1203	0.1568	0.9999	0.0147	0.032	0.0145	0.0398	0.017	0.0375	0.0719	0.0222	0.0135	0.0352	0.0186	0.0592	0.0588	0.0055	0.019	0.0511	0.0352	0.0484	0.0692	0.0395	0.0161	0.0112	0.0059	0.0061	0.0469	0.0523	0.0298	0.0282	0.0057	0.0063	0.0229	0.0516	0.0285	0.0392	0.0526	0.0168	0.0472	0.0169	0.0254	0.0	0.028	0.0162	0.0176	0.0	0.0	0.0343	0.0257	0.0571	0.0316	0.0417	0.0305	0.0315	0.0078	0.0114	0.0526	0.0111	0.0602	0.0044	0.0189	0.0167	0.0189
SGB29117	Clostridium ihumii	0.0007	1090	0.2715	350900	0.0751	0.0127	0.369	0.0141	0.003	0.0196	0.0	0.0	1.0	0.0131	0.1013	0.125	0.0385	0.0	0.0	0.0	0.0	0.0233	0.0192	0.0	0.0889	0.0213	0.0172	0.0	0.0	0.0405	0.0175	0.0536	0.0333	0.0182	0.0	0.0	0.0222	0.0169	0.0	0.0189	0.0417	0.0	0.0	0.0156	0.0379	0.0741	0.0198	0.0297	0.0312	0.0119	0.0095	0.0294	0.0217	0.025	0.0085	0.0345	0.0111	0.0187	0.0084	0.0077	0.0	0.0	0.0182	0.0084	0.0	0.0	0.0522	0.0	0.0092	0.0099	0.0	0.0	0.0	0.0488
SGB106454	GGB50802 SGB106454	0.0007	1280	0.5736	93400	0.0768	0.015	0.1962	0.0081	0.0054	0.0197	0.0	0.0	0.9762	0.0182	0.0795	0.0256	0.1111	0.012	0.0	0.0156	0.0	0.0	0.0161	0.0	0.0323	0.0	0.0141	0.0469	0.0169	0.0462	0.0339	0.0286	0.0	0.0156	0.0	0.0	0.0	0.0213	0.0143	0.0	0.0455	0.0123	0.0	0.0	0.0227	0.1376	0.0375	0.0065	0.1322	0.0202	0.0	0.0197	0.0174	0.0	0.0303	0.0283	0.0	0.0075	0.0	0.0148	0.0069	0.0	0.0081	0.0265	0.0	0.009	0.0094	0.0367	0.0	0.0	0.0	0.0	0.0	0.0
SGB12137	Pseudomonas extremaustralis	0.0007	1273	0.7834	59100	0.0255	0.0066	0.089	0.0032	0.0049	0.0104	0.0	0.0	0.7743	0.0097	0.0354	0.0057	0.0222	0.0365	0.0549	0.0449	0.0245	0.0	0.0055	0.0	0.0335	0.0	0.0	0.0	0.0	0.0	0.0047	0.0	0.0053	0.0051	0.01	0.0	0.0	0.0	0.0238	0.016	0.0	0.0057	0.0104	0.0052	0.0	0.0138	0.0107	0.0206	0.0526	0.006	0.0155	0.0	0.0214	0.0	0.0193	0.0106	0.0	0.0097	0.0	0.0	0.0061	0.0116	0.0105	0.0	0.027	0.009	0.005	0.0166	0.0	0.0	0.0055	0.005	0.0	0.0
SGB82863	GGB60828 SGB82863	0.0006	1194	0.2174	253550	0.0578	0.0102	0.5009	0.019	0.0022	0.0215	0.0003	0.0006	1.0	0.01	0.0377	0.0482	0.028	0.0	0.0312	0.0128	0.049	0.0341	0.0633	0.0116	0.0417	0.0291	0.0455	0.0306	0.0235	0.0211	0.0	0.0122	0.0104	0.0106	0.0	0.0098	0.0114	0.027	0.0488	0.0122	0.0238	0.0241	0.0118	0.0395	0.0667	0.0488	0.0149	0.0292	0.018	0.0083	0.0301	0.007	0.0336	0.0	0.027	0.0077	0.0072	0.0143	0.0088	0.0288	0.0199	0.0149	0.0	0.012	0.0159	0.0076	0.0263	0.0286	0.0336	0.0152	0.0171	0.0157	0.0073	0.008
SGB87749	Frigoribacterium SGB87749	0.0005	1029	0.4342	111600	0.0164	0.0055	0.2477	0.0094	0.0016	0.0104	0.2931	0.3614	0.9624	0.0063	0.0106	0.0125	0.0263	0.0	0.0183	0.0061	0.0057	0.0	0.0121	0.0	0.0116	0.0068	0.012	0.0267	0.0	0.0184	0.0159	0.0132	0.0185	0.0314	0.0	0.0065	0.0107	0.0119	0.0127	0.0296	0.0	0.0067	0.0125	0.0185	0.0172	0.0217	0.0061	0.0113	0.0124	0.0407	0.0186	0.0	0.0	0.0	0.0	0.0111	0.0127	0.017	0.0069	0.0	0.0062	0.0054	0.0	0.0195	0.0132	0.0061	0.006	0.0063	0.0	0.0	0.0066	0.0	0.0217	0.0
SGB6144	Paraclostridium bifermentans	0.0005	1461	1.3079	49800	0.0185	0.0133	0.99	0.0168	0.0025	0.0168	0.9672	1.0	0.6712	0.0127	0.0171	0.0	0.0	0.038	0.0351	0.0	0.0102	0.0	0.012	0.0	0.026	0.0	0.0	0.0	0.0484	0.0	0.0345	0.0448	0.0143	0.0	0.0235	0.0	0.0	0.0	0.0278	0.0	0.0	0.011	0.0164	0.0161	0.0196	0.0167	0.0219	0.0076	0.0073	0.0065	0.0136	0.0362	0.0	0.0138	0.0102	0.0256	0.007	0.0208	0.0693	0.0177	0.0156	0.0492	0.0071	0.0171	0.0103	0.0203	0.0571	0.0481	0.014	0.0	0.0109	0.0086	0.0	0.0278
SGB77459	Clostridium chrysemydis	0.0004	2354	0.7898	123050	0.0283	0.0048	0.2439	0.0069	0.0015	0.0098	0.0	0.0	0.9816	0.0055	0.0382	0.0795	0.0083	0.0465	0.0403	0.0331	0.0253	0.0438	0.0208	0.0049	0.0123	0.0252	0.0105	0.0252	0.0	0.0107	0.0189	0.0058	0.007	0.023	0.0064	0.0	0.0	0.0318	0.0165	0.0163	0.0044	0.016	0.0145	0.0087	0.0211	0.016	0.0042	0.0063	0.0	0.0034	0.0	0.0045	0.0	0.003	0.0041	0.0	0.003	0.0034	0.0039	0.0	0.0	0.0	0.0	0.0	0.0	0.0	0.0081	0.0139	0.0032	0.0	0.033	0.0032	0.0	0.0
SGB94769	Clostridium sardiniense	0.0004	1353	0.4979	109000	0.0205	0.0045	0.0	0.0044	0.0083	0.0136	0.0032	0.0051	0.9615	0.0082	0.0361	0.04	0.0156	0.0145	0.0723	0.0167	0.0241	0.0115	0.0137	0.0323	0.0	0.0185	0.038	0.0	0.0128	0.0123	0.0	0.0185	0.0253	0.0083	0.0161	0.0253	0.0	0.0	0.0	0.0	0.0143	0.0	0.0	0.0	0.0061	0.0061	0.0058	0.0256	0.0107	0.0058	0.0237	0.0	0.0255	0.0132	0.0138	0.0244	0.0	0.0065	0.0299	0.0238	0.0	0.0318	0.0288	0.0385	0.0179	0.0	0.0157	0.0183	0.0066	0.0	0.0	0.0062	0.0058	0.0
SGB206759	Clostridium sp DSM 17811	0.0003	1207	0.846	80550	0.0917	0.0112	0.381	0.0184	0.0026	0.0249	0.0	0.0	0.9703	0.0115	0.1616	0.0875	0.1316	0.0656	0.0	0.0	0.0602	0.0127	0.0119	0.0595	0.0548	0.0725	0.0132	0.0147	0.1045	0.0147	0.0392	0.0597	0.013	0.0	0.0241	0.0769	0.0	0.0112	0.0	0.0135	0.0132	0.023	0.025	0.0	0.0261	0.0388	0.0	0.0211	0.0222	0.0238	0.0	0.0	0.0128	0.0168	0.0	0.0096	0.0078	0.0104	0.0	0.0093	0.0075	0.0104	0.0081	0.0164	0.0367	0.0236	0.0182	0.0256	0.0093	0.0206	0.0242	0.0	0.028	0.0115
SGB1671	Leyella SGB1671	0.0002	1005	2.2619	28650	0.0721	0.0084	0.4371	0.013	0.0018	0.0175	0.0	0.0	0.7208	0.0084	0.0738	0.0686	0.0476	0.0088	0.0242	0.0092	0.0	0.0	0.0	0.0101	0.0192	0.0089	0.0163	0.0305	0.0259	0.0455	0.0312	0.0075	0.0278	0.0081	0.0	0.0	0.0198	0.0	0.0254	0.0	0.0288	0.025	0.0081	0.0412	0.0567	0.0547	0.0216	0.028	0.0076	0.0	0.0182	0.0144	0.0155	0.0256	0.0088	0.0076	0.0082	0.0	0.0153	0.0	0.0214	0.0	0.015	0.0	0.0254	0.0083	0.0073	0.008	0.0157	0.0	0.0174	0.0381	0.0	0.0079
SGB12135	Pseudomonas extremaustralis	0.0002	1100	0.7787	52400	0.0289	0.012	0.99	0.0169	0.0023	0.0173	0.3116	0.3804	0.7352	0.0114	0.0245	0.0345	0.0288	0.0519	0.0084	0.0073	0.0377	0.0298	0.006	0.0075	0.0328	0.0391	0.0	0.0061	0.0125	0.0071	0.0128	0.0281	0.0362	0.025	0.0118	0.0	0.0267	0.0192	0.0068	0.0	0.0301	0.0108	0.0062	0.006	0.0328	0.0	0.0176	0.0205	0.0	0.0136	0.0063	0.0	0.0111	0.0	0.0	0.0129	0.0115	0.0117	0.0504	0.0	0.0058	0.0118	0.0159	0.0296	0.0219	0.0123	0.0267	0.0622	0.0054	0.0284	0.0568	0.0108	0.0056	0.0055
SGB204067	Eubacterium multiforme	0.0002	1548	0.9917	98100	0.0454	0.0096	0.6704	0.0174	0.0019	0.0188	0.0188	0.0275	0.9638	0.0091	0.0526	0.0345	0.0	0.038	0.046	0.0366	0.0448	0.0114	0.0278	0.0319	0.0349	0.0215	0.0309	0.0225	0.0	0.0357	0.0123	0.0	0.0543	0.0213	0.0	0.0	0.0	0.011	0.011	0.0	0.0125	0.0273	0.0	0.012	0.0405	0.0352	0.0063	0.0068	0.0284	0.0	0.0256	0.0	0.0458	0.0183	0.0068	0.0282	0.0213	0.0248	0.0444	0.0122	0.0123	0.0085	0.0	0.0153	0.0244	0.0143	0.0309	0.0145	0.0149	0.0148	0.0149	0.0	0.0	0.0153
SGB21135	Clostridium mediterraneense	0.0002	1417	0.9959	54500	0.0277	0.0085	0.2217	0.0092	0.0028	0.0119	0.0053	0.0083	0.7484	0.0099	0.0139	0.0345	0.0164	0.0	0.0	0.0	0.0231	0.0095	0.0291	0.0	0.0	0.0	0.0	0.0	0.0	0.0	0.0	0.0404	0.0	0.031	0.0435	0.0084	0.0319	0.0233	0.0382	0.0316	0.0078	0.0	0.0	0.0161	0.0164	0.0307	0.0506	0.0047	0.0134	0.035	0.01	0.0423	0.0	0.0056	0.0089	0.0	0.0	0.0	0.0	0.0	0.0	0.0	0.0	0.0	0.0	0.0	0.0	0.0	0.0	0.0083	0.02	0.0	0.0435	0.0
SGB190333	Candidatus Pseudomonas adelgestsugas	0.0001	1034	0.3095	119850	0.0077	0.0024	0.12	0.0019	0.0014	0.0034	0.0756	0.1015	0.9679	0.0034	0.0	0.0	0.0161	0.0	0.0153	0.0148	0.0	0.0	0.0073	0.0	0.0067	0.0132	0.0	0.0	0.0	0.0	0.0	0.0	0.0	0.0	0.0079	0.0	0.0	0.0	0.0	0.0	0.0	0.0075	0.0234	0.0074	0.0078	0.0096	0.0081	0.0075	0.0	0.0	0.0139	0.0083	0.0	0.0	0.0	0.0071	0.0	0.0	0.0	0.0	0.0	0.0	0.0	0.0	0.0	0.0167	0.0072	0.0	0.0	0.0	0.0	0.0	0.0	0.0
SGB12167	Pseudomonas mucidolens	0.0001	1280	0.502	92300	0.0132	0.0085	0.99	0.0132	0.0016	0.013	1.0	1.0	0.9144	0.0081	0.0051	0.0274	0.0058	0.018	0.0167	0.0323	0.0053	0.0227	0.0057	0.0066	0.0312	0.0173	0.0	0.0066	0.0056	0.0056	0.0116	0.0057	0.0058	0.012	0.0146	0.0324	0.0055	0.005	0.0103	0.0	0.0154	0.0316	0.0255	0.0269	0.0108	0.0071	0.0244	0.0	0.0058	0.0292	0.0164	0.0172	0.0275	0.0347	0.02	0.0446	0.0074	0.0	0.0138	0.0052	0.0104	0.0056	0.0	0.0048	0.0054	0.0099	0.0054	0.0	0.0106	0.0052	0.0104	0.0058	0.0111	0.0199
SGB116285	Clostridium sp LIBA 8841	0.0001	1094	0.8538	49600	0.0421	0.0366	0.99	0.0421	0.0069	0.0409	1.0	1.0	0.7643	0.0354	0.0	0.025	0.0	0.0196	0.0484	0.0333	0.0714	0.0	0.0571	0.0312	0.0	0.0	0.0	0.0	0.0	0.0161	0.0175	0.0	0.0208	0.0851	0.0714	0.0119	0.0	0.0217	0.0	0.0	0.0145	0.0182	0.0172	0.0	0.0098	0.0862	0.0366	0.0163	0.0612	0.0259	0.0244	0.0333	0.1111	0.0427	0.0407	0.0109	0.1288	0.0598	0.1172	0.058	0.1268	0.25	0.0231	0.0219	0.0	0.0377	0.0	0.0671	0.0403	0.0543	0.009	0.0	0.0071	0.0125
SGB77458	Clostridium tarantellae	0.0001	1501	0.385	159000	0.0168	0.0104	0.2075	0.0088	0.0036	0.0101	0.2102	0.2639	0.9947	0.0124	0.0128	0.0417	0.1282	0.0351	0.0417	0.0	0.0	0.0119	0.0	0.0	0.0	0.0	0.0	0.027	0.0114	0.0154	0.0122	0.0	0.0	0.0123	0.04	0.0	0.0	0.0094	0.0132	0.0123	0.0588	0.0	0.0	0.0	0.0	0.0055	0.006	0.0	0.0077	0.0164	0.015	0.0	0.0	0.0	0.0066	0.0	0.0	0.0167	0.0	0.0	0.0185	0.0136	0.0	0.0462	0.0566	0.0	0.0	0.0	0.0	0.0	0.0	0.0086	0.0233	0.0
SGB146214	GGB70349 SGB146214	0.0001	1059	0.4881	85300	0.014	0.0038	0.0	0.014	0.0051	0.0053	1.0	1.0	0.8899	0.0141	0.0	0.0	0.0	0.0	0.0	0.0	0.0	0.0	0.0	0.0	0.0	0.0	0.0	0.0	0.0	0.0	0.0	0.0	0.0	0.0	0.0	0.0	0.0	0.0	0.0	0.0	0.0	0.0	0.0476	0.0714	0.0	0.0	0.0	0.007	0.0094	0.0	0.0	0.0099	0.0	0.0142	0.0	0.0	0.0068	0.0	0.0088	0.0	0.0094	0.0	0.0	0.0	0.0	0.0	0.0	0.0081	0.0	0.0315	0.0	0.0	0.0331	0.0388
SGB109608	Paraclostridium ghonii	0.0	1120	0.9519	52950	0.0494	0.0126	0.0787	0.0025	0.0104	0.0188	0.0	0.0	0.8128	0.0191	0.0	0.0	0.0	0.0	0.0513	0.0	0.0	0.0222	0.0	0.0	0.0	0.0161	0.0	0.0	0.0	0.0	0.0	0.0	0.0	0.0392	0.0	0.0	0.0361	0.0	0.0	0.0	0.0	0.0345	0.0	0.0	0.0833	0.0215	0.0538	0.015	0.1446	0.0375	0.0084	0.0111	0.019	0.0426	0.0104	0.0385	0.049	0.0103	0.0106	0.0316	0.0085	0.0115	0.0	0.0122	0.0135	0.0097	0.0349	0.0119	0.0	0.0	0.0	0.0	0.0092	0.0
